site;dt;resp;dur;hit
vkontakte.ru;01/01/2015;1;91;15
vkontakte.ru;01/01/2015;2;21;1
vkontakte.ru;01/01/2015;3;59;6
vkontakte.ru;01/01/2015;4;10;2
vkontakte.ru;01/01/2015;5;18;2
vkontakte.ru;01/01/2015;6;5;1
vkontakte.ru;01/01/2015;7;11;1
vkontakte.ru;01/01/2015;8;21;1
vkontakte.ru;01/01/2015;9;27;3
vkontakte.ru;01/01/2015;10;24;3
vkontakte.ru;01/01/2015;11;9;3
vkontakte.ru;01/01/2015;12;17;2
vkontakte.ru;01/01/2015;13;44;7
vkontakte.ru;01/01/2015;14;3;1
vkontakte.ru;01/01/2015;15;3;1
vkontakte.ru;01/01/2015;16;9;2
vkontakte.ru;01/01/2015;17;4;1
vkontakte.ru;01/01/2015;18;31;1
vkontakte.ru;01/01/2015;19;7;1
mail.ru;01/01/2015;1;2095;5
mail.ru;01/01/2015;2;548;1
mail.ru;01/01/2015;3;400;1
mail.ru;01/01/2015;4;782;3
mail.ru;01/01/2015;5;681;1
mail.ru;01/01/2015;6;828;1
mail.ru;01/01/2015;10;148;2
mail.ru;01/01/2015;11;512;2
mail.ru;01/01/2015;28;184;4
mail.ru;01/01/2015;29;1217;1
mail.ru;01/01/2015;12;376;6
mail.ru;01/01/2015;13;8;3
mail.ru;01/01/2015;14;152;1
mail.ru;01/01/2015;16;1230;1
mail.ru;01/01/2015;18;289;1
vkontakte.ru;02/01/2015;1;33;4
vkontakte.ru;02/01/2015;20;3;2
vkontakte.ru;02/01/2015;21;7;2
vkontakte.ru;02/01/2015;3;33;1
vkontakte.ru;02/01/2015;22;6;2
vkontakte.ru;02/01/2015;23;5;1
vkontakte.ru;02/01/2015;24;11;13
vkontakte.ru;02/01/2015;25;15;2
vkontakte.ru;02/01/2015;8;25;2
vkontakte.ru;02/01/2015;10;32;1
vkontakte.ru;02/01/2015;11;31;1
vkontakte.ru;02/01/2015;26;32;4
vkontakte.ru;02/01/2015;27;15;5
vkontakte.ru;02/01/2015;28;3;1
vkontakte.ru;02/01/2015;29;7;1
vkontakte.ru;02/01/2015;14;16;1
vkontakte.ru;02/01/2015;15;6;2
vkontakte.ru;02/01/2015;16;8;1
vkontakte.ru;02/01/2015;17;5;3
vkontakte.ru;02/01/2015;18;21;2
vkontakte.ru;02/01/2015;19;4;4
mail.ru;02/01/2015;1;3791;4
mail.ru;02/01/2015;21;41;2
mail.ru;02/01/2015;3;156;2
mail.ru;02/01/2015;22;67;1
mail.ru;02/01/2015;5;1178;1
mail.ru;02/01/2015;6;1384;6
mail.ru;02/01/2015;24;22;2
mail.ru;02/01/2015;8;73;2
mail.ru;02/01/2015;10;500;2
mail.ru;02/01/2015;11;475;1
mail.ru;02/01/2015;26;9;2
mail.ru;02/01/2015;27;8;1
mail.ru;02/01/2015;28;1506;2
mail.ru;02/01/2015;29;116;1
mail.ru;02/01/2015;12;238;1
mail.ru;02/01/2015;13;340;4
mail.ru;02/01/2015;14;407;2
mail.ru;02/01/2015;16;840;2
mail.ru;02/01/2015;17;1410;3
mail.ru;02/01/2015;18;20;1
vkontakte.ru;03/01/2015;1;80;4
vkontakte.ru;03/01/2015;3;11;5
vkontakte.ru;03/01/2015;4;13;1
vkontakte.ru;03/01/2015;5;15;5
vkontakte.ru;03/01/2015;23;4;5
vkontakte.ru;03/01/2015;8;37;2
vkontakte.ru;03/01/2015;11;43;1
vkontakte.ru;03/01/2015;26;3;1
vkontakte.ru;03/01/2015;29;8;10
vkontakte.ru;03/01/2015;12;7;3
vkontakte.ru;03/01/2015;14;11;13
vkontakte.ru;03/01/2015;15;3;1
vkontakte.ru;03/01/2015;18;26;2
vkontakte.ru;03/01/2015;19;21;1
mail.ru;03/01/2015;1;3824;2
mail.ru;03/01/2015;3;480;2
mail.ru;03/01/2015;4;499;2
mail.ru;03/01/2015;5;8830;1
mail.ru;03/01/2015;6;1484;1
mail.ru;03/01/2015;23;33;1
mail.ru;03/01/2015;8;4289;1
mail.ru;03/01/2015;10;779;1
mail.ru;03/01/2015;11;50;1
mail.ru;03/01/2015;26;8;2
mail.ru;03/01/2015;28;345;6
mail.ru;03/01/2015;29;346;1
mail.ru;03/01/2015;14;609;6
mail.ru;03/01/2015;16;1118;1
mail.ru;03/01/2015;17;631;2
mail.ru;03/01/2015;18;33;3
vkontakte.ru;04/01/2015;1;24;1
vkontakte.ru;04/01/2015;20;58;7
vkontakte.ru;04/01/2015;3;12;1
vkontakte.ru;04/01/2015;7;26;3
vkontakte.ru;04/01/2015;24;5;4
vkontakte.ru;04/01/2015;25;3;1
vkontakte.ru;04/01/2015;8;106;1
vkontakte.ru;04/01/2015;10;20;1
vkontakte.ru;04/01/2015;11;31;3
vkontakte.ru;04/01/2015;27;18;9
vkontakte.ru;04/01/2015;28;5;1
vkontakte.ru;04/01/2015;29;75;4
vkontakte.ru;04/01/2015;14;3;1
vkontakte.ru;04/01/2015;15;9;5
vkontakte.ru;04/01/2015;16;6;1
vkontakte.ru;04/01/2015;19;3;1
mail.ru;04/01/2015;1;2820;1
mail.ru;04/01/2015;3;478;4
mail.ru;04/01/2015;5;57;2
mail.ru;04/01/2015;6;2188;2
mail.ru;04/01/2015;8;7610;3
mail.ru;04/01/2015;10;282;2
mail.ru;04/01/2015;11;271;5
mail.ru;04/01/2015;28;547;3
mail.ru;04/01/2015;29;979;4
mail.ru;04/01/2015;13;3;1
mail.ru;04/01/2015;14;408;4
mail.ru;04/01/2015;16;1682;1
mail.ru;04/01/2015;17;10;1
mail.ru;04/01/2015;18;64;3
vkontakte.ru;05/01/2015;1;21;1
vkontakte.ru;05/01/2015;20;13;1
vkontakte.ru;05/01/2015;7;31;1
vkontakte.ru;05/01/2015;24;27;1
vkontakte.ru;05/01/2015;10;18;4
vkontakte.ru;05/01/2015;26;72;3
vkontakte.ru;05/01/2015;27;31;1
vkontakte.ru;05/01/2015;12;10;1
vkontakte.ru;05/01/2015;13;88;1
vkontakte.ru;05/01/2015;14;18;20
vkontakte.ru;05/01/2015;15;6;2
vkontakte.ru;05/01/2015;17;31;3
vkontakte.ru;05/01/2015;19;9;2
mail.ru;05/01/2015;1;4151;1
mail.ru;05/01/2015;3;183;8
mail.ru;05/01/2015;5;164;6
mail.ru;05/01/2015;6;2181;1
mail.ru;05/01/2015;7;529;1
mail.ru;05/01/2015;23;39;2
mail.ru;05/01/2015;25;134;1
mail.ru;05/01/2015;8;566;7
mail.ru;05/01/2015;10;152;2
mail.ru;05/01/2015;11;280;4
mail.ru;05/01/2015;26;8;8
mail.ru;05/01/2015;28;1479;6
mail.ru;05/01/2015;29;731;3
mail.ru;05/01/2015;13;477;1
mail.ru;05/01/2015;14;396;2
mail.ru;05/01/2015;16;1749;3
mail.ru;05/01/2015;18;38;1
vkontakte.ru;06/01/2015;1;139;1
vkontakte.ru;06/01/2015;20;69;2
vkontakte.ru;06/01/2015;3;100;4
vkontakte.ru;06/01/2015;22;5;3
vkontakte.ru;06/01/2015;4;6;3
vkontakte.ru;06/01/2015;5;4;2
vkontakte.ru;06/01/2015;24;15;1
vkontakte.ru;06/01/2015;8;7;10
vkontakte.ru;06/01/2015;10;71;1
vkontakte.ru;06/01/2015;26;3;1
vkontakte.ru;06/01/2015;27;42;3
vkontakte.ru;06/01/2015;28;5;2
vkontakte.ru;06/01/2015;12;5;3
vkontakte.ru;06/01/2015;13;7;2
vkontakte.ru;06/01/2015;14;3;2
vkontakte.ru;06/01/2015;15;6;3
mail.ru;06/01/2015;1;1203;5
mail.ru;06/01/2015;3;643;2
mail.ru;06/01/2015;22;25;6
mail.ru;06/01/2015;4;1089;2
mail.ru;06/01/2015;5;466;1
mail.ru;06/01/2015;8;1856;1
mail.ru;06/01/2015;10;229;2
mail.ru;06/01/2015;26;3;4
mail.ru;06/01/2015;28;887;1
mail.ru;06/01/2015;29;197;2
mail.ru;06/01/2015;12;8;3
mail.ru;06/01/2015;13;376;3
mail.ru;06/01/2015;14;518;1
mail.ru;06/01/2015;16;1352;9
mail.ru;06/01/2015;17;27;2
mail.ru;06/01/2015;18;1014;1
vkontakte.ru;07/01/2015;1;39;5
vkontakte.ru;07/01/2015;2;27;7
vkontakte.ru;07/01/2015;3;51;6
vkontakte.ru;07/01/2015;4;3;1
vkontakte.ru;07/01/2015;24;11;1
vkontakte.ru;07/01/2015;8;11;2
vkontakte.ru;07/01/2015;10;12;2
vkontakte.ru;07/01/2015;11;100;1
vkontakte.ru;07/01/2015;27;8;4
vkontakte.ru;07/01/2015;13;45;1
vkontakte.ru;07/01/2015;14;22;5
vkontakte.ru;07/01/2015;15;5;1
vkontakte.ru;07/01/2015;16;5;4
vkontakte.ru;07/01/2015;17;4;1
vkontakte.ru;07/01/2015;18;35;1
mail.ru;07/01/2015;1;3865;1
mail.ru;07/01/2015;3;499;1
mail.ru;07/01/2015;5;2139;1
mail.ru;07/01/2015;6;763;3
mail.ru;07/01/2015;25;127;1
mail.ru;07/01/2015;8;3395;1
mail.ru;07/01/2015;10;1006;6
mail.ru;07/01/2015;11;331;3
mail.ru;07/01/2015;26;3;4
mail.ru;07/01/2015;28;281;1
mail.ru;07/01/2015;29;185;1
mail.ru;07/01/2015;13;65;5
mail.ru;07/01/2015;14;372;2
mail.ru;07/01/2015;16;1506;1
mail.ru;07/01/2015;18;35;1
vkontakte.ru;08/01/2015;1;55;1
vkontakte.ru;08/01/2015;21;9;3
vkontakte.ru;08/01/2015;3;24;5
vkontakte.ru;08/01/2015;5;28;1
vkontakte.ru;08/01/2015;24;23;6
vkontakte.ru;08/01/2015;8;5;1
vkontakte.ru;08/01/2015;10;17;1
vkontakte.ru;08/01/2015;11;38;1
vkontakte.ru;08/01/2015;27;63;2
vkontakte.ru;08/01/2015;13;8;2
vkontakte.ru;08/01/2015;14;6;1
vkontakte.ru;08/01/2015;15;12;3
vkontakte.ru;08/01/2015;18;18;1
vkontakte.ru;08/01/2015;19;40;3
mail.ru;08/01/2015;1;1981;1
mail.ru;08/01/2015;21;3;1
mail.ru;08/01/2015;3;395;2
mail.ru;08/01/2015;4;491;1
mail.ru;08/01/2015;5;294;1
mail.ru;08/01/2015;25;77;1
mail.ru;08/01/2015;8;558;1
mail.ru;08/01/2015;9;168;3
mail.ru;08/01/2015;10;887;1
mail.ru;08/01/2015;11;118;6
mail.ru;08/01/2015;28;2049;3
mail.ru;08/01/2015;29;786;1
mail.ru;08/01/2015;13;717;4
mail.ru;08/01/2015;14;173;5
mail.ru;08/01/2015;16;1607;2
mail.ru;08/01/2015;18;93;2
vkontakte.ru;09/01/2015;1;11;3
vkontakte.ru;09/01/2015;20;65;1
vkontakte.ru;09/01/2015;21;9;1
vkontakte.ru;09/01/2015;3;37;3
vkontakte.ru;09/01/2015;5;15;3
vkontakte.ru;09/01/2015;23;3;1
vkontakte.ru;09/01/2015;24;16;5
vkontakte.ru;09/01/2015;8;5;2
vkontakte.ru;09/01/2015;11;18;5
vkontakte.ru;09/01/2015;12;6;6
vkontakte.ru;09/01/2015;13;6;2
vkontakte.ru;09/01/2015;14;14;1
vkontakte.ru;09/01/2015;15;9;1
vkontakte.ru;09/01/2015;16;15;7
vkontakte.ru;09/01/2015;18;11;3
vkontakte.ru;09/01/2015;19;3;1
mail.ru;09/01/2015;1;982;1
mail.ru;09/01/2015;3;141;1
mail.ru;09/01/2015;22;59;1
mail.ru;09/01/2015;5;120;1
mail.ru;09/01/2015;6;349;1
mail.ru;09/01/2015;7;16;3
mail.ru;09/01/2015;25;114;1
mail.ru;09/01/2015;8;5086;3
mail.ru;09/01/2015;10;473;13
mail.ru;09/01/2015;11;105;1
mail.ru;09/01/2015;26;146;2
mail.ru;09/01/2015;28;1061;1
mail.ru;09/01/2015;29;653;2
mail.ru;09/01/2015;13;252;1
mail.ru;09/01/2015;14;135;12
mail.ru;09/01/2015;16;1258;5
mail.ru;09/01/2015;18;62;2
vkontakte.ru;10/01/2015;1;508;3
vkontakte.ru;10/01/2015;20;32;3
vkontakte.ru;10/01/2015;3;29;1
vkontakte.ru;10/01/2015;22;7;1
vkontakte.ru;10/01/2015;24;7;1
vkontakte.ru;10/01/2015;8;395;1
vkontakte.ru;10/01/2015;11;126;2
vkontakte.ru;10/01/2015;26;5;2
vkontakte.ru;10/01/2015;27;8;6
vkontakte.ru;10/01/2015;28;72;1
vkontakte.ru;10/01/2015;13;4;1
vkontakte.ru;10/01/2015;14;82;1
vkontakte.ru;10/01/2015;15;6;1
vkontakte.ru;10/01/2015;19;26;1
mail.ru;10/01/2015;1;5219;3
mail.ru;10/01/2015;2;24;3
mail.ru;10/01/2015;3;433;4
mail.ru;10/01/2015;22;22;3
mail.ru;10/01/2015;5;1119;2
mail.ru;10/01/2015;6;604;2
mail.ru;10/01/2015;8;266;1
mail.ru;10/01/2015;10;691;1
mail.ru;10/01/2015;11;234;5
mail.ru;10/01/2015;28;1437;1
mail.ru;10/01/2015;29;1361;5
mail.ru;10/01/2015;14;182;4
mail.ru;10/01/2015;16;1146;4
mail.ru;10/01/2015;18;111;14
vkontakte.ru;11/01/2015;1;51;11
vkontakte.ru;11/01/2015;3;62;1
vkontakte.ru;11/01/2015;4;15;3
vkontakte.ru;11/01/2015;5;52;1
vkontakte.ru;11/01/2015;25;7;1
vkontakte.ru;11/01/2015;11;36;1
vkontakte.ru;11/01/2015;27;11;1
vkontakte.ru;11/01/2015;29;7;3
vkontakte.ru;11/01/2015;14;9;3
vkontakte.ru;11/01/2015;15;45;2
vkontakte.ru;11/01/2015;17;14;4
mail.ru;11/01/2015;1;14307;1
mail.ru;11/01/2015;3;323;6
mail.ru;11/01/2015;22;42;1
mail.ru;11/01/2015;4;854;1
mail.ru;11/01/2015;5;1628;3
mail.ru;11/01/2015;6;245;1
mail.ru;11/01/2015;8;657;3
mail.ru;11/01/2015;10;28;1
mail.ru;11/01/2015;11;106;3
mail.ru;11/01/2015;26;12;1
mail.ru;11/01/2015;28;2237;1
mail.ru;11/01/2015;29;270;1
mail.ru;11/01/2015;13;8;1
mail.ru;11/01/2015;14;453;3
mail.ru;11/01/2015;16;998;1
mail.ru;11/01/2015;18;201;2
vkontakte.ru;12/01/2015;1;64;1
vkontakte.ru;12/01/2015;20;13;1
vkontakte.ru;12/01/2015;21;3;2
vkontakte.ru;12/01/2015;3;203;2
vkontakte.ru;12/01/2015;22;5;1
vkontakte.ru;12/01/2015;23;10;2
vkontakte.ru;12/01/2015;24;16;1
vkontakte.ru;12/01/2015;10;10;5
vkontakte.ru;12/01/2015;11;18;1
vkontakte.ru;12/01/2015;27;18;1
vkontakte.ru;12/01/2015;13;18;1
vkontakte.ru;12/01/2015;14;12;1
vkontakte.ru;12/01/2015;15;30;2
vkontakte.ru;12/01/2015;17;17;2
mail.ru;12/01/2015;1;9967;1
mail.ru;12/01/2015;20;130;6
mail.ru;12/01/2015;3;421;3
mail.ru;12/01/2015;4;90;1
mail.ru;12/01/2015;5;483;3
mail.ru;12/01/2015;6;492;2
mail.ru;12/01/2015;25;80;1
mail.ru;12/01/2015;8;57;1
mail.ru;12/01/2015;10;340;1
mail.ru;12/01/2015;11;86;1
mail.ru;12/01/2015;28;1649;2
mail.ru;12/01/2015;29;215;3
mail.ru;12/01/2015;13;179;1
mail.ru;12/01/2015;14;243;1
mail.ru;12/01/2015;16;1570;2
vkontakte.ru;13/01/2015;1;35;3
vkontakte.ru;13/01/2015;21;13;1
vkontakte.ru;13/01/2015;3;17;2
vkontakte.ru;13/01/2015;7;3;1
vkontakte.ru;13/01/2015;24;17;2
vkontakte.ru;13/01/2015;8;33;1
vkontakte.ru;13/01/2015;9;10;3
vkontakte.ru;13/01/2015;11;18;1
vkontakte.ru;13/01/2015;26;15;2
vkontakte.ru;13/01/2015;27;30;2
vkontakte.ru;13/01/2015;29;5;2
vkontakte.ru;13/01/2015;13;183;1
vkontakte.ru;13/01/2015;14;7;3
vkontakte.ru;13/01/2015;16;5;1
vkontakte.ru;13/01/2015;19;41;3
mail.ru;13/01/2015;1;12637;1
mail.ru;13/01/2015;21;26;2
mail.ru;13/01/2015;3;125;1
mail.ru;13/01/2015;5;298;2
mail.ru;13/01/2015;6;1254;2
mail.ru;13/01/2015;8;5241;59
mail.ru;13/01/2015;10;1123;1
mail.ru;13/01/2015;11;164;1
mail.ru;13/01/2015;26;58;1
mail.ru;13/01/2015;28;4170;2
mail.ru;13/01/2015;29;136;5
mail.ru;13/01/2015;13;2799;1
mail.ru;13/01/2015;14;196;7
mail.ru;13/01/2015;15;57;4
mail.ru;13/01/2015;16;1073;1
mail.ru;13/01/2015;18;96;1
vkontakte.ru;14/01/2015;1;46;1
vkontakte.ru;14/01/2015;3;289;2
vkontakte.ru;14/01/2015;6;12;2
vkontakte.ru;14/01/2015;24;5;1
vkontakte.ru;14/01/2015;8;7;3
vkontakte.ru;14/01/2015;11;13;1
vkontakte.ru;14/01/2015;13;11;1
vkontakte.ru;14/01/2015;14;15;2
vkontakte.ru;14/01/2015;17;10;1
mail.ru;14/01/2015;1;11955;1
mail.ru;14/01/2015;3;999;1
mail.ru;14/01/2015;22;40;15
mail.ru;14/01/2015;5;865;1
mail.ru;14/01/2015;6;304;5
mail.ru;14/01/2015;23;309;1
mail.ru;14/01/2015;8;3007;3
mail.ru;14/01/2015;11;480;1
mail.ru;14/01/2015;26;10;1
mail.ru;14/01/2015;28;1589;1
mail.ru;14/01/2015;29;268;1
mail.ru;14/01/2015;14;139;1
mail.ru;14/01/2015;16;218;2
mail.ru;14/01/2015;18;18;1
vkontakte.ru;15/01/2015;1;31;1
vkontakte.ru;15/01/2015;2;18;1
vkontakte.ru;15/01/2015;8;12;1
vkontakte.ru;15/01/2015;9;10;6
vkontakte.ru;15/01/2015;10;26;2
vkontakte.ru;15/01/2015;11;6;1
vkontakte.ru;15/01/2015;28;27;1
vkontakte.ru;15/01/2015;14;3;3
vkontakte.ru;15/01/2015;16;34;2
vkontakte.ru;15/01/2015;17;6;1
vkontakte.ru;15/01/2015;19;4;1
mail.ru;15/01/2015;1;15336;5
mail.ru;15/01/2015;22;1231;1
mail.ru;15/01/2015;5;582;2
mail.ru;15/01/2015;6;233;1
mail.ru;15/01/2015;23;62;1
mail.ru;15/01/2015;25;543;1
mail.ru;15/01/2015;8;8646;4
mail.ru;15/01/2015;10;140;1
mail.ru;15/01/2015;11;1490;5
mail.ru;15/01/2015;26;8;1
mail.ru;15/01/2015;28;2236;1
mail.ru;15/01/2015;29;1459;1
mail.ru;15/01/2015;13;812;3
mail.ru;15/01/2015;14;171;2
mail.ru;15/01/2015;16;336;1
mail.ru;15/01/2015;17;55;1
mail.ru;15/01/2015;18;5;5
vkontakte.ru;16/01/2015;1;35;1
vkontakte.ru;16/01/2015;21;96;1
vkontakte.ru;16/01/2015;3;62;4
vkontakte.ru;16/01/2015;22;3;3
vkontakte.ru;16/01/2015;23;16;1
vkontakte.ru;16/01/2015;8;16;2
vkontakte.ru;16/01/2015;9;50;8
vkontakte.ru;16/01/2015;11;6;1
vkontakte.ru;16/01/2015;26;3;1
vkontakte.ru;16/01/2015;12;6;1
vkontakte.ru;16/01/2015;14;11;1
mail.ru;16/01/2015;1;13249;4
mail.ru;16/01/2015;3;478;1
mail.ru;16/01/2015;22;100;4
mail.ru;16/01/2015;4;97;1
mail.ru;16/01/2015;5;89;8
mail.ru;16/01/2015;6;811;2
mail.ru;16/01/2015;23;5;1
mail.ru;16/01/2015;8;7595;15
mail.ru;16/01/2015;10;140;1
mail.ru;16/01/2015;26;250;2
mail.ru;16/01/2015;28;27;1
mail.ru;16/01/2015;29;1256;4
mail.ru;16/01/2015;12;38;2
mail.ru;16/01/2015;13;2157;2
mail.ru;16/01/2015;14;171;3
mail.ru;16/01/2015;16;931;1
vkontakte.ru;17/01/2015;1;25;2
vkontakte.ru;17/01/2015;20;45;1
vkontakte.ru;17/01/2015;3;142;5
vkontakte.ru;17/01/2015;23;5;2
vkontakte.ru;17/01/2015;11;16;1
vkontakte.ru;17/01/2015;26;9;1
vkontakte.ru;17/01/2015;13;13;1
vkontakte.ru;17/01/2015;14;11;2
vkontakte.ru;17/01/2015;16;9;2
vkontakte.ru;17/01/2015;17;11;1
vkontakte.ru;17/01/2015;19;3;2
mail.ru;17/01/2015;1;11721;2
mail.ru;17/01/2015;3;340;3
mail.ru;17/01/2015;6;922;10
mail.ru;17/01/2015;23;953;1
mail.ru;17/01/2015;8;1897;2
mail.ru;17/01/2015;10;83;2
mail.ru;17/01/2015;11;647;1
mail.ru;17/01/2015;26;410;1
mail.ru;17/01/2015;28;567;1
mail.ru;17/01/2015;29;137;3
mail.ru;17/01/2015;14;94;1
mail.ru;17/01/2015;16;570;1
mail.ru;17/01/2015;17;39;3
mail.ru;17/01/2015;18;86;1
vkontakte.ru;18/01/2015;1;24;2
vkontakte.ru;18/01/2015;20;3;1
vkontakte.ru;18/01/2015;21;6;2
vkontakte.ru;18/01/2015;3;21;1
vkontakte.ru;18/01/2015;23;4;1
vkontakte.ru;18/01/2015;24;3;4
vkontakte.ru;18/01/2015;8;4;1
vkontakte.ru;18/01/2015;11;4;2
vkontakte.ru;18/01/2015;27;30;5
vkontakte.ru;18/01/2015;14;5;2
vkontakte.ru;18/01/2015;16;45;3
vkontakte.ru;18/01/2015;17;14;1
vkontakte.ru;18/01/2015;18;5;1
vkontakte.ru;18/01/2015;19;28;3
mail.ru;18/01/2015;1;12847;1
mail.ru;18/01/2015;3;49;2
mail.ru;18/01/2015;22;154;1
mail.ru;18/01/2015;23;45;1
mail.ru;18/01/2015;8;210;2
mail.ru;18/01/2015;10;67;2
mail.ru;18/01/2015;11;49;1
mail.ru;18/01/2015;28;1363;3
mail.ru;18/01/2015;29;914;1
mail.ru;18/01/2015;12;101;1
mail.ru;18/01/2015;13;644;1
mail.ru;18/01/2015;14;197;1
mail.ru;18/01/2015;16;538;1
mail.ru;18/01/2015;17;6;1
mail.ru;18/01/2015;18;30;1
vkontakte.ru;19/01/2015;1;29;1
vkontakte.ru;19/01/2015;22;9;1
vkontakte.ru;19/01/2015;23;37;1
vkontakte.ru;19/01/2015;8;26;2
vkontakte.ru;19/01/2015;10;58;2
vkontakte.ru;19/01/2015;26;7;1
vkontakte.ru;19/01/2015;13;16;1
vkontakte.ru;19/01/2015;14;14;2
vkontakte.ru;19/01/2015;15;4;1
vkontakte.ru;19/01/2015;16;46;1
vkontakte.ru;19/01/2015;18;12;1
mail.ru;19/01/2015;1;14663;2
mail.ru;19/01/2015;2;9;1
mail.ru;19/01/2015;22;266;2
mail.ru;19/01/2015;6;1389;1
mail.ru;19/01/2015;23;935;2
mail.ru;19/01/2015;8;2755;1
mail.ru;19/01/2015;10;73;1
mail.ru;19/01/2015;11;200;2
mail.ru;19/01/2015;26;80;1
mail.ru;19/01/2015;28;740;6
mail.ru;19/01/2015;13;23;1
mail.ru;19/01/2015;14;115;4
mail.ru;19/01/2015;18;27;1
vkontakte.ru;20/01/2015;1;32;1
vkontakte.ru;20/01/2015;3;840;1
vkontakte.ru;20/01/2015;7;16;1
vkontakte.ru;20/01/2015;23;9;2
vkontakte.ru;20/01/2015;11;5;2
vkontakte.ru;20/01/2015;13;44;2
vkontakte.ru;20/01/2015;14;10;6
vkontakte.ru;20/01/2015;15;4;1
vkontakte.ru;20/01/2015;17;16;5
mail.ru;20/01/2015;1;21971;1
mail.ru;20/01/2015;21;48;1
mail.ru;20/01/2015;3;190;1
mail.ru;20/01/2015;22;43;1
mail.ru;20/01/2015;6;541;3
mail.ru;20/01/2015;8;5678;1
mail.ru;20/01/2015;10;461;1
mail.ru;20/01/2015;11;168;1
mail.ru;20/01/2015;26;196;2
mail.ru;20/01/2015;27;25;1
mail.ru;20/01/2015;28;468;1
mail.ru;20/01/2015;29;27;1
mail.ru;20/01/2015;13;2042;3
mail.ru;20/01/2015;14;82;1
mail.ru;20/01/2015;16;206;1
mail.ru;20/01/2015;18;30;2
vkontakte.ru;21/01/2015;1;8;1
vkontakte.ru;21/01/2015;21;7;1
vkontakte.ru;21/01/2015;5;4;1
vkontakte.ru;21/01/2015;7;12;1
vkontakte.ru;21/01/2015;9;37;3
vkontakte.ru;21/01/2015;27;7;1
vkontakte.ru;21/01/2015;13;49;3
vkontakte.ru;21/01/2015;14;55;1
vkontakte.ru;21/01/2015;15;5;1
vkontakte.ru;21/01/2015;16;24;1
vkontakte.ru;21/01/2015;17;5;2
mail.ru;21/01/2015;1;11150;1
mail.ru;21/01/2015;22;60;1
mail.ru;21/01/2015;4;923;1
mail.ru;21/01/2015;5;406;1
mail.ru;21/01/2015;6;421;1
mail.ru;21/01/2015;24;136;1
mail.ru;21/01/2015;25;47;2
mail.ru;21/01/2015;8;1249;2
mail.ru;21/01/2015;11;62;1
mail.ru;21/01/2015;28;513;1
mail.ru;21/01/2015;29;45;2
mail.ru;21/01/2015;14;512;3
mail.ru;21/01/2015;16;957;1
mail.ru;21/01/2015;18;25;5
vkontakte.ru;22/01/2015;1;15;2
vkontakte.ru;22/01/2015;20;7;3
vkontakte.ru;22/01/2015;3;259;1
vkontakte.ru;22/01/2015;8;37;2
vkontakte.ru;22/01/2015;9;48;1
vkontakte.ru;22/01/2015;27;19;1
vkontakte.ru;22/01/2015;13;31;1
vkontakte.ru;22/01/2015;14;10;1
vkontakte.ru;22/01/2015;15;4;1
vkontakte.ru;22/01/2015;16;4;1
mail.ru;22/01/2015;1;19318;3
mail.ru;22/01/2015;3;2023;1
mail.ru;22/01/2015;5;640;1
mail.ru;22/01/2015;6;806;1
mail.ru;22/01/2015;8;3494;10
mail.ru;22/01/2015;11;467;1
mail.ru;22/01/2015;26;4;4
mail.ru;22/01/2015;28;105;1
mail.ru;22/01/2015;29;856;1
mail.ru;22/01/2015;13;6;13
mail.ru;22/01/2015;14;222;2
mail.ru;22/01/2015;15;132;6
mail.ru;22/01/2015;16;243;2
mail.ru;22/01/2015;18;24;1
vkontakte.ru;23/01/2015;21;8;1
vkontakte.ru;23/01/2015;5;13;1
vkontakte.ru;23/01/2015;25;15;1
vkontakte.ru;23/01/2015;8;93;1
vkontakte.ru;23/01/2015;9;5;1
vkontakte.ru;23/01/2015;11;8;1
vkontakte.ru;23/01/2015;26;3;2
vkontakte.ru;23/01/2015;29;7;3
vkontakte.ru;23/01/2015;12;5;2
vkontakte.ru;23/01/2015;14;14;2
vkontakte.ru;23/01/2015;15;13;6
vkontakte.ru;23/01/2015;16;97;1
mail.ru;23/01/2015;1;17444;2
mail.ru;23/01/2015;22;96;2
mail.ru;23/01/2015;5;137;2
mail.ru;23/01/2015;6;369;3
mail.ru;23/01/2015;25;11;1
mail.ru;23/01/2015;8;7763;2
mail.ru;23/01/2015;11;100;1
mail.ru;23/01/2015;28;5;3
mail.ru;23/01/2015;29;168;1
mail.ru;23/01/2015;13;1553;1
mail.ru;23/01/2015;14;661;1
mail.ru;23/01/2015;16;708;14
mail.ru;23/01/2015;18;99;1
vkontakte.ru;24/01/2015;1;28;1
vkontakte.ru;24/01/2015;20;31;1
vkontakte.ru;24/01/2015;3;15;1
vkontakte.ru;24/01/2015;22;41;1
vkontakte.ru;24/01/2015;4;3;2
vkontakte.ru;24/01/2015;8;20;2
vkontakte.ru;24/01/2015;9;26;1
vkontakte.ru;24/01/2015;11;183;1
vkontakte.ru;24/01/2015;27;43;3
vkontakte.ru;24/01/2015;13;25;1
vkontakte.ru;24/01/2015;14;232;10
vkontakte.ru;24/01/2015;16;205;4
vkontakte.ru;24/01/2015;17;9;1
vkontakte.ru;24/01/2015;18;101;2
mail.ru;24/01/2015;1;13658;1
mail.ru;24/01/2015;20;71;5
mail.ru;24/01/2015;3;398;2
mail.ru;24/01/2015;22;126;3
mail.ru;24/01/2015;4;613;4
mail.ru;24/01/2015;5;999;2
mail.ru;24/01/2015;6;106;1
mail.ru;24/01/2015;23;1022;5
mail.ru;24/01/2015;8;392;1
mail.ru;24/01/2015;11;2732;1
mail.ru;24/01/2015;28;639;2
mail.ru;24/01/2015;29;15;1
mail.ru;24/01/2015;12;119;2
mail.ru;24/01/2015;13;854;1
mail.ru;24/01/2015;14;1314;1
mail.ru;24/01/2015;16;293;1
mail.ru;24/01/2015;18;35;1
vkontakte.ru;25/01/2015;20;28;2
vkontakte.ru;25/01/2015;21;4;11
vkontakte.ru;25/01/2015;22;5;9
vkontakte.ru;25/01/2015;6;4;3
vkontakte.ru;25/01/2015;7;81;2
vkontakte.ru;25/01/2015;8;10;1
vkontakte.ru;25/01/2015;11;8;2
vkontakte.ru;25/01/2015;27;46;1
vkontakte.ru;25/01/2015;12;5;2
vkontakte.ru;25/01/2015;13;38;5
vkontakte.ru;25/01/2015;14;27;1
vkontakte.ru;25/01/2015;15;4;1
vkontakte.ru;25/01/2015;16;17;1
vkontakte.ru;25/01/2015;18;4;20
mail.ru;25/01/2015;1;16649;24
mail.ru;25/01/2015;3;458;8
mail.ru;25/01/2015;22;42;25
mail.ru;25/01/2015;6;373;113
mail.ru;25/01/2015;7;1381;27
mail.ru;25/01/2015;23;149;21
mail.ru;25/01/2015;8;2392;8
mail.ru;25/01/2015;9;217;25
mail.ru;25/01/2015;11;118;15
mail.ru;25/01/2015;28;2103;2
mail.ru;25/01/2015;13;841;26
mail.ru;25/01/2015;14;317;86
mail.ru;25/01/2015;16;745;7
mail.ru;25/01/2015;18;21;109
vkontakte.ru;26/01/2015;1;21;1
vkontakte.ru;26/01/2015;21;3;20
vkontakte.ru;26/01/2015;3;25;1
vkontakte.ru;26/01/2015;7;19;31
vkontakte.ru;26/01/2015;24;5;203
vkontakte.ru;26/01/2015;25;7;1
vkontakte.ru;26/01/2015;8;6;17
vkontakte.ru;26/01/2015;11;13;23
vkontakte.ru;26/01/2015;26;4;35
vkontakte.ru;26/01/2015;14;6;3
vkontakte.ru;26/01/2015;15;4;1
vkontakte.ru;26/01/2015;16;84;85
vkontakte.ru;26/01/2015;18;15;3
mail.ru;26/01/2015;1;16427;11
mail.ru;26/01/2015;3;385;8
mail.ru;26/01/2015;22;76;68
mail.ru;26/01/2015;5;883;57
mail.ru;26/01/2015;6;2019;27
mail.ru;26/01/2015;7;59;4
mail.ru;26/01/2015;25;25;69
mail.ru;26/01/2015;8;712;42
mail.ru;26/01/2015;11;76;10
mail.ru;26/01/2015;26;288;418
mail.ru;26/01/2015;27;9;182
mail.ru;26/01/2015;28;346;5
mail.ru;26/01/2015;29;1071;644
mail.ru;26/01/2015;13;39;38
mail.ru;26/01/2015;14;844;7
mail.ru;26/01/2015;16;148;4
vkontakte.ru;27/01/2015;1;14;7
vkontakte.ru;27/01/2015;20;10;14
vkontakte.ru;27/01/2015;21;12;74
vkontakte.ru;27/01/2015;22;5;77
vkontakte.ru;27/01/2015;24;37;4
vkontakte.ru;27/01/2015;11;4;4
vkontakte.ru;27/01/2015;29;9;77
vkontakte.ru;27/01/2015;12;5;41
vkontakte.ru;27/01/2015;18;9;5
mail.ru;27/01/2015;1;16420;348
mail.ru;27/01/2015;20;51;1255
mail.ru;27/01/2015;22;50;20
mail.ru;27/01/2015;6;636;18
mail.ru;27/01/2015;8;1608;26
mail.ru;27/01/2015;10;176;47
mail.ru;27/01/2015;11;720;2
mail.ru;27/01/2015;26;13;57
mail.ru;27/01/2015;28;262;113
mail.ru;27/01/2015;29;364;1
mail.ru;27/01/2015;12;376;6
mail.ru;27/01/2015;13;2623;98
mail.ru;27/01/2015;14;994;16
mail.ru;27/01/2015;16;17;20
mail.ru;27/01/2015;17;34;370
mail.ru;27/01/2015;18;86;17
mail.ru;27/01/2015;19;3;6
vkontakte.ru;28/01/2015;1;12;4
vkontakte.ru;28/01/2015;20;27;190
vkontakte.ru;28/01/2015;21;5;28
vkontakte.ru;28/01/2015;3;65;7
vkontakte.ru;28/01/2015;22;10;3
vkontakte.ru;28/01/2015;7;11;37
vkontakte.ru;28/01/2015;24;18;5
vkontakte.ru;28/01/2015;8;24;26
vkontakte.ru;28/01/2015;26;4;56
vkontakte.ru;28/01/2015;27;13;143
vkontakte.ru;28/01/2015;12;6;9
vkontakte.ru;28/01/2015;13;10;89
vkontakte.ru;28/01/2015;15;8;52
vkontakte.ru;28/01/2015;16;42;10
vkontakte.ru;28/01/2015;17;4;31
vkontakte.ru;28/01/2015;18;13;30
vkontakte.ru;28/01/2015;19;41;519
mail.ru;28/01/2015;1;15267;22
mail.ru;28/01/2015;3;581;1
mail.ru;28/01/2015;22;8;104
mail.ru;28/01/2015;5;682;18
mail.ru;28/01/2015;6;347;1
mail.ru;28/01/2015;7;72;14
mail.ru;28/01/2015;8;316;59
mail.ru;28/01/2015;10;19;67
mail.ru;28/01/2015;11;609;1
mail.ru;28/01/2015;26;98;14
mail.ru;28/01/2015;28;588;58
mail.ru;28/01/2015;29;1342;21
mail.ru;28/01/2015;12;588;26
mail.ru;28/01/2015;13;1304;43
mail.ru;28/01/2015;14;411;4
mail.ru;28/01/2015;16;1516;643
vkontakte.ru;29/01/2015;1;28;28
vkontakte.ru;29/01/2015;21;5;5
vkontakte.ru;29/01/2015;7;50;1
vkontakte.ru;29/01/2015;24;10;12
vkontakte.ru;29/01/2015;8;12;6
vkontakte.ru;29/01/2015;9;13;6
vkontakte.ru;29/01/2015;11;12;47
vkontakte.ru;29/01/2015;26;3;63
vkontakte.ru;29/01/2015;13;22;3
vkontakte.ru;29/01/2015;15;9;68
vkontakte.ru;29/01/2015;16;20;2
vkontakte.ru;29/01/2015;17;9;41
mail.ru;29/01/2015;1;10780;8
mail.ru;29/01/2015;6;188;34
mail.ru;29/01/2015;23;1079;4
mail.ru;29/01/2015;24;25;57
mail.ru;29/01/2015;25;5;1
mail.ru;29/01/2015;8;316;296
mail.ru;29/01/2015;11;996;3
mail.ru;29/01/2015;26;6;43
mail.ru;29/01/2015;13;2307;14
mail.ru;29/01/2015;14;466;13
mail.ru;29/01/2015;16;362;38
mail.ru;29/01/2015;18;7;78
vkontakte.ru;30/01/2015;1;29;15
vkontakte.ru;30/01/2015;21;4;58
vkontakte.ru;30/01/2015;3;65;12
vkontakte.ru;30/01/2015;4;3;11
vkontakte.ru;30/01/2015;23;9;15
vkontakte.ru;30/01/2015;24;4;27
vkontakte.ru;30/01/2015;10;13;1
vkontakte.ru;30/01/2015;11;8;5
vkontakte.ru;30/01/2015;14;3;1327
vkontakte.ru;30/01/2015;15;3;53
vkontakte.ru;30/01/2015;18;9;3
mail.ru;30/01/2015;1;10324;2
mail.ru;30/01/2015;3;1058;43
mail.ru;30/01/2015;22;58;20
mail.ru;30/01/2015;6;389;11
mail.ru;30/01/2015;23;448;40
mail.ru;30/01/2015;8;121;64
mail.ru;30/01/2015;10;791;10
mail.ru;30/01/2015;11;223;76
mail.ru;30/01/2015;26;48;2
mail.ru;30/01/2015;29;2289;29
mail.ru;30/01/2015;13;93;2
mail.ru;30/01/2015;14;345;33
mail.ru;30/01/2015;16;127;39
mail.ru;30/01/2015;17;53;80
mail.ru;30/01/2015;18;172;27
vkontakte.ru;31/01/2015;20;31;16
vkontakte.ru;31/01/2015;3;31;27
vkontakte.ru;31/01/2015;24;7;22
vkontakte.ru;31/01/2015;25;26;25
vkontakte.ru;31/01/2015;8;61;89
vkontakte.ru;31/01/2015;9;27;3
vkontakte.ru;31/01/2015;29;6;154
vkontakte.ru;31/01/2015;12;5;32
vkontakte.ru;31/01/2015;13;62;23
vkontakte.ru;31/01/2015;16;19;49
vkontakte.ru;31/01/2015;17;4;85
mail.ru;31/01/2015;3;245;15
mail.ru;31/01/2015;22;46;201
mail.ru;31/01/2015;6;39;3
mail.ru;31/01/2015;8;3594;8
mail.ru;31/01/2015;29;825;2
mail.ru;31/01/2015;13;1101;36
mail.ru;31/01/2015;14;289;15
mail.ru;31/01/2015;16;323;1
mail.ru;31/01/2015;17;366;60
mail.ru;31/01/2015;18;74;64
vkontakte.ru;01/02/2015;22;11;9
vkontakte.ru;01/02/2015;4;3;174
vkontakte.ru;01/02/2015;23;3;3
vkontakte.ru;01/02/2015;24;16;34
vkontakte.ru;01/02/2015;11;3;6
vkontakte.ru;01/02/2015;12;9;28
vkontakte.ru;01/02/2015;13;22;64
vkontakte.ru;01/02/2015;16;259;4
mail.ru;01/02/2015;3;243;3
mail.ru;01/02/2015;22;20;20
mail.ru;01/02/2015;4;32;11
mail.ru;01/02/2015;5;31;9
mail.ru;01/02/2015;6;106;3
mail.ru;01/02/2015;8;151;5
mail.ru;01/02/2015;10;196;34
mail.ru;01/02/2015;11;105;87
mail.ru;01/02/2015;26;36;168
mail.ru;01/02/2015;29;125;1
mail.ru;01/02/2015;12;22;10
mail.ru;01/02/2015;13;1522;23
mail.ru;01/02/2015;14;195;89
mail.ru;01/02/2015;16;392;936
mail.ru;01/02/2015;18;50;55
mail.ru;01/02/2015;19;27;29
vkontakte.ru;02/02/2015;20;22;6
vkontakte.ru;02/02/2015;3;36;287
vkontakte.ru;02/02/2015;22;3;15
vkontakte.ru;02/02/2015;7;28;28
vkontakte.ru;02/02/2015;24;3;30
vkontakte.ru;02/02/2015;8;3;1
vkontakte.ru;02/02/2015;11;3;45
vkontakte.ru;02/02/2015;12;8;6
vkontakte.ru;02/02/2015;13;19;194
vkontakte.ru;02/02/2015;15;6;16
vkontakte.ru;02/02/2015;16;32;14
vkontakte.ru;02/02/2015;17;9;63
mail.ru;02/02/2015;3;144;27
mail.ru;02/02/2015;22;24;12
mail.ru;02/02/2015;6;440;766
mail.ru;02/02/2015;7;13;27
mail.ru;02/02/2015;8;9;2
mail.ru;02/02/2015;10;281;20
mail.ru;02/02/2015;11;542;20
mail.ru;02/02/2015;26;68;25
mail.ru;02/02/2015;29;796;13
mail.ru;02/02/2015;13;693;3
mail.ru;02/02/2015;14;563;233
mail.ru;02/02/2015;16;1096;44
vkontakte.ru;03/02/2015;20;24;40
vkontakte.ru;03/02/2015;21;4;31
vkontakte.ru;03/02/2015;3;154;2
vkontakte.ru;03/02/2015;22;8;21
vkontakte.ru;03/02/2015;23;6;1594
vkontakte.ru;03/02/2015;10;25;4
vkontakte.ru;03/02/2015;11;15;38
vkontakte.ru;03/02/2015;16;415;2
mail.ru;03/02/2015;2;5;109
mail.ru;03/02/2015;3;2034;38
mail.ru;03/02/2015;22;346;13
mail.ru;03/02/2015;6;857;25
mail.ru;03/02/2015;8;61;19
mail.ru;03/02/2015;10;42;5
mail.ru;03/02/2015;11;155;1
mail.ru;03/02/2015;26;134;194
mail.ru;03/02/2015;29;49;15
mail.ru;03/02/2015;13;169;16
mail.ru;03/02/2015;14;240;2
mail.ru;03/02/2015;15;1359;7
mail.ru;03/02/2015;16;95;94
mail.ru;03/02/2015;18;62;1
vkontakte.ru;04/02/2015;20;4;1705
vkontakte.ru;04/02/2015;21;3;6
vkontakte.ru;04/02/2015;3;44;6
vkontakte.ru;04/02/2015;22;3;2
vkontakte.ru;04/02/2015;8;8;48
vkontakte.ru;04/02/2015;10;25;3
vkontakte.ru;04/02/2015;11;4;70
vkontakte.ru;04/02/2015;12;16;29
vkontakte.ru;04/02/2015;13;75;48
vkontakte.ru;04/02/2015;14;3;93
vkontakte.ru;04/02/2015;16;73;24
vkontakte.ru;04/02/2015;17;5;66
vkontakte.ru;04/02/2015;18;6;79
vkontakte.ru;04/02/2015;19;3;269
mail.ru;04/02/2015;21;24;4
mail.ru;04/02/2015;3;237;46
mail.ru;04/02/2015;22;64;5
mail.ru;04/02/2015;6;235;11
mail.ru;04/02/2015;23;46;5
mail.ru;04/02/2015;8;1099;16
mail.ru;04/02/2015;9;32;5
mail.ru;04/02/2015;10;294;3
mail.ru;04/02/2015;11;94;6
mail.ru;04/02/2015;29;1180;115
mail.ru;04/02/2015;12;256;2
mail.ru;04/02/2015;13;1070;34
mail.ru;04/02/2015;14;307;10
mail.ru;04/02/2015;15;2342;27
mail.ru;04/02/2015;16;1245;6
mail.ru;04/02/2015;18;153;6
vkontakte.ru;05/02/2015;1;26;22
vkontakte.ru;05/02/2015;21;6;51
vkontakte.ru;05/02/2015;7;16;4
vkontakte.ru;05/02/2015;23;3;26
vkontakte.ru;05/02/2015;8;19;13
vkontakte.ru;05/02/2015;11;7;20
vkontakte.ru;05/02/2015;26;21;3
vkontakte.ru;05/02/2015;14;13;2
vkontakte.ru;05/02/2015;16;34;245
vkontakte.ru;05/02/2015;18;8;1
vkontakte.ru;05/02/2015;19;6;19
mail.ru;05/02/2015;1;15615;52
mail.ru;05/02/2015;3;374;32
mail.ru;05/02/2015;22;273;545
mail.ru;05/02/2015;6;7591;5
mail.ru;05/02/2015;7;939;6
mail.ru;05/02/2015;23;172;3
mail.ru;05/02/2015;8;93;22
mail.ru;05/02/2015;10;324;3
mail.ru;05/02/2015;11;544;18
mail.ru;05/02/2015;26;24;6
mail.ru;05/02/2015;29;228;337
mail.ru;05/02/2015;13;219;1
mail.ru;05/02/2015;14;280;9
mail.ru;05/02/2015;16;1109;13
mail.ru;05/02/2015;18;148;26
vkontakte.ru;06/02/2015;1;55;460
vkontakte.ru;06/02/2015;20;18;6
vkontakte.ru;06/02/2015;2;16;8
vkontakte.ru;06/02/2015;24;6;4
vkontakte.ru;06/02/2015;25;4;1
vkontakte.ru;06/02/2015;8;51;9
vkontakte.ru;06/02/2015;26;5;5
vkontakte.ru;06/02/2015;14;26;34
vkontakte.ru;06/02/2015;18;14;19
mail.ru;06/02/2015;1;14696;9
mail.ru;06/02/2015;20;173;8
mail.ru;06/02/2015;6;2066;160
mail.ru;06/02/2015;8;228;11
mail.ru;06/02/2015;26;3;11
mail.ru;06/02/2015;13;100;35
mail.ru;06/02/2015;14;414;42
mail.ru;06/02/2015;16;408;5
mail.ru;06/02/2015;18;67;1
vkontakte.ru;07/02/2015;1;81;47
vkontakte.ru;07/02/2015;20;22;10
vkontakte.ru;07/02/2015;21;3;4
vkontakte.ru;07/02/2015;3;351;4
vkontakte.ru;07/02/2015;4;4;78
vkontakte.ru;07/02/2015;23;7;42
vkontakte.ru;07/02/2015;24;5;4
vkontakte.ru;07/02/2015;25;21;200
vkontakte.ru;07/02/2015;27;20;32
vkontakte.ru;07/02/2015;14;9;36
vkontakte.ru;07/02/2015;16;153;6
vkontakte.ru;07/02/2015;17;6;809
vkontakte.ru;07/02/2015;18;22;19
vkontakte.ru;07/02/2015;19;5;2
mail.ru;07/02/2015;1;12534;8
mail.ru;07/02/2015;3;575;30
mail.ru;07/02/2015;6;4368;1
mail.ru;07/02/2015;23;18;37
mail.ru;07/02/2015;24;30;1
mail.ru;07/02/2015;8;27;10
mail.ru;07/02/2015;27;43;3
mail.ru;07/02/2015;29;992;197
mail.ru;07/02/2015;13;238;40
mail.ru;07/02/2015;14;135;20
mail.ru;07/02/2015;15;165;54
mail.ru;07/02/2015;16;296;1
mail.ru;07/02/2015;17;527;1311
mail.ru;07/02/2015;18;20;3
vkontakte.ru;08/02/2015;1;43;2
vkontakte.ru;08/02/2015;21;11;14
vkontakte.ru;08/02/2015;3;27;46
vkontakte.ru;08/02/2015;7;11;93
vkontakte.ru;08/02/2015;23;7;43
vkontakte.ru;08/02/2015;8;35;14
vkontakte.ru;08/02/2015;26;26;195
vkontakte.ru;08/02/2015;12;9;1
vkontakte.ru;08/02/2015;13;20;34
vkontakte.ru;08/02/2015;14;9;11
vkontakte.ru;08/02/2015;15;40;2
vkontakte.ru;08/02/2015;16;123;117
vkontakte.ru;08/02/2015;17;5;17
mail.ru;08/02/2015;1;11591;3
mail.ru;08/02/2015;21;390;106
mail.ru;08/02/2015;3;588;44
mail.ru;08/02/2015;22;60;25
mail.ru;08/02/2015;8;153;1
mail.ru;08/02/2015;12;19;3
mail.ru;08/02/2015;13;1210;10
mail.ru;08/02/2015;14;265;45
mail.ru;08/02/2015;15;247;22
mail.ru;08/02/2015;16;190;6
mail.ru;08/02/2015;18;45;236
vkontakte.ru;09/02/2015;1;11;19
vkontakte.ru;09/02/2015;3;7;12
vkontakte.ru;09/02/2015;7;18;17
vkontakte.ru;09/02/2015;8;3;28
vkontakte.ru;09/02/2015;26;3;11
vkontakte.ru;09/02/2015;27;23;343
vkontakte.ru;09/02/2015;12;4;5
vkontakte.ru;09/02/2015;13;7;12
vkontakte.ru;09/02/2015;14;12;39
vkontakte.ru;09/02/2015;15;4;19
vkontakte.ru;09/02/2015;16;10;43
vkontakte.ru;09/02/2015;18;48;27
mail.ru;09/02/2015;1;9740;4
mail.ru;09/02/2015;20;131;258
mail.ru;09/02/2015;21;376;37
mail.ru;09/02/2015;3;347;15
mail.ru;09/02/2015;22;68;57
mail.ru;09/02/2015;6;2863;47
mail.ru;09/02/2015;24;280;7
mail.ru;09/02/2015;8;67;1
mail.ru;09/02/2015;10;87;194
mail.ru;09/02/2015;26;24;2
mail.ru;09/02/2015;29;78;13
mail.ru;09/02/2015;13;1783;2
mail.ru;09/02/2015;14;203;13
mail.ru;09/02/2015;16;626;10
mail.ru;09/02/2015;18;58;4
vkontakte.ru;10/02/2015;21;16;79
vkontakte.ru;10/02/2015;3;3;4
vkontakte.ru;10/02/2015;6;4;194
vkontakte.ru;10/02/2015;7;27;4
vkontakte.ru;10/02/2015;24;5;13
vkontakte.ru;10/02/2015;25;11;46
vkontakte.ru;10/02/2015;8;49;285
vkontakte.ru;10/02/2015;26;10;9
vkontakte.ru;10/02/2015;14;14;27
vkontakte.ru;10/02/2015;15;5;5
vkontakte.ru;10/02/2015;16;7;78
mail.ru;10/02/2015;20;22;24
mail.ru;10/02/2015;21;51;30
mail.ru;10/02/2015;3;238;15
mail.ru;10/02/2015;22;42;140
mail.ru;10/02/2015;6;1104;1
mail.ru;10/02/2015;24;699;5
mail.ru;10/02/2015;25;36;8
mail.ru;10/02/2015;8;193;1
mail.ru;10/02/2015;26;154;279
mail.ru;10/02/2015;27;16;47
mail.ru;10/02/2015;13;1029;2
mail.ru;10/02/2015;14;189;63
mail.ru;10/02/2015;16;337;36
mail.ru;10/02/2015;18;40;4
vkontakte.ru;11/02/2015;21;33;67
vkontakte.ru;11/02/2015;3;4;4
vkontakte.ru;11/02/2015;7;14;10
vkontakte.ru;11/02/2015;23;7;8
vkontakte.ru;11/02/2015;8;14;15
vkontakte.ru;11/02/2015;26;19;28
vkontakte.ru;11/02/2015;27;21;9
vkontakte.ru;11/02/2015;12;22;13
vkontakte.ru;11/02/2015;16;72;63
vkontakte.ru;11/02/2015;19;4;28
mail.ru;11/02/2015;20;303;175
mail.ru;11/02/2015;21;376;16
mail.ru;11/02/2015;3;345;20
mail.ru;11/02/2015;22;83;1
mail.ru;11/02/2015;4;51;1
mail.ru;11/02/2015;6;2264;88
mail.ru;11/02/2015;23;29;25
mail.ru;11/02/2015;8;117;1
mail.ru;11/02/2015;26;55;25
mail.ru;11/02/2015;27;43;80
mail.ru;11/02/2015;14;43;13
mail.ru;11/02/2015;16;427;2
mail.ru;11/02/2015;17;116;200
mail.ru;11/02/2015;18;1653;119
mail.ru;11/02/2015;19;12;32
vkontakte.ru;12/02/2015;20;8;29
vkontakte.ru;12/02/2015;21;3;4
vkontakte.ru;12/02/2015;23;5;28
vkontakte.ru;12/02/2015;8;3;28
vkontakte.ru;12/02/2015;26;3;20
vkontakte.ru;12/02/2015;13;18;1
vkontakte.ru;12/02/2015;14;9;47
vkontakte.ru;12/02/2015;16;22;6
vkontakte.ru;12/02/2015;17;7;50
vkontakte.ru;12/02/2015;18;5;4
mail.ru;12/02/2015;3;102;2
mail.ru;12/02/2015;22;47;11
mail.ru;12/02/2015;6;3169;13
mail.ru;12/02/2015;23;563;11
mail.ru;12/02/2015;8;417;5
mail.ru;12/02/2015;9;105;723
mail.ru;12/02/2015;26;9;13
mail.ru;12/02/2015;13;139;19
mail.ru;12/02/2015;14;460;66
mail.ru;12/02/2015;16;112;21
mail.ru;12/02/2015;17;41;44
mail.ru;12/02/2015;18;38;6
vkontakte.ru;13/02/2015;21;12;21
vkontakte.ru;13/02/2015;22;3;6
vkontakte.ru;13/02/2015;4;3;2
vkontakte.ru;13/02/2015;7;27;5
vkontakte.ru;13/02/2015;23;5;14
vkontakte.ru;13/02/2015;8;3;23
vkontakte.ru;13/02/2015;9;27;4
vkontakte.ru;13/02/2015;27;11;12
vkontakte.ru;13/02/2015;13;10;4
vkontakte.ru;13/02/2015;14;21;14
vkontakte.ru;13/02/2015;15;4;1
vkontakte.ru;13/02/2015;16;11;9
vkontakte.ru;13/02/2015;17;16;31
vkontakte.ru;13/02/2015;18;4;27
mail.ru;13/02/2015;20;28;5
mail.ru;13/02/2015;21;402;1
mail.ru;13/02/2015;3;389;15
mail.ru;13/02/2015;22;122;12
mail.ru;13/02/2015;4;35;36
mail.ru;13/02/2015;6;3514;1
mail.ru;13/02/2015;8;434;2
mail.ru;13/02/2015;9;180;16
mail.ru;13/02/2015;26;39;18
mail.ru;13/02/2015;27;947;1
mail.ru;13/02/2015;29;1207;15
mail.ru;13/02/2015;13;1579;28
mail.ru;13/02/2015;16;273;71
mail.ru;13/02/2015;18;19;59
mail.ru;13/02/2015;19;97;1
vkontakte.ru;14/02/2015;20;28;29
vkontakte.ru;14/02/2015;21;6;20
vkontakte.ru;14/02/2015;22;17;52
vkontakte.ru;14/02/2015;7;52;7
vkontakte.ru;14/02/2015;25;16;2
vkontakte.ru;14/02/2015;9;16;12
vkontakte.ru;14/02/2015;27;7;4
vkontakte.ru;14/02/2015;13;15;3
vkontakte.ru;14/02/2015;15;5;4
vkontakte.ru;14/02/2015;16;21;42
vkontakte.ru;14/02/2015;17;13;1
mail.ru;14/02/2015;21;388;6
mail.ru;14/02/2015;22;37;7
mail.ru;14/02/2015;6;2521;1
mail.ru;14/02/2015;7;113;21
mail.ru;14/02/2015;8;466;17
mail.ru;14/02/2015;9;22;16
mail.ru;14/02/2015;10;34;2
mail.ru;14/02/2015;26;74;49
mail.ru;14/02/2015;27;7;1
mail.ru;14/02/2015;29;27;6
mail.ru;14/02/2015;12;254;7
mail.ru;14/02/2015;13;15;23
mail.ru;14/02/2015;14;229;7
mail.ru;14/02/2015;16;898;31
mail.ru;14/02/2015;18;17;48
vkontakte.ru;15/02/2015;25;20;5
vkontakte.ru;15/02/2015;8;51;17
vkontakte.ru;15/02/2015;9;17;18
vkontakte.ru;15/02/2015;27;47;224
vkontakte.ru;15/02/2015;14;8;24
vkontakte.ru;15/02/2015;15;3;43
vkontakte.ru;15/02/2015;16;24;751
vkontakte.ru;15/02/2015;17;7;28
vkontakte.ru;15/02/2015;18;27;15
vkontakte.ru;15/02/2015;19;21;11
mail.ru;15/02/2015;21;442;11
mail.ru;15/02/2015;3;277;12
mail.ru;15/02/2015;22;43;6
mail.ru;15/02/2015;23;43;16
mail.ru;15/02/2015;8;49;13
mail.ru;15/02/2015;9;79;50
mail.ru;15/02/2015;26;4;74
mail.ru;15/02/2015;29;1241;5
mail.ru;15/02/2015;13;2000;219
mail.ru;15/02/2015;14;168;4
mail.ru;15/02/2015;16;242;252
mail.ru;15/02/2015;18;17;12
vkontakte.ru;16/02/2015;20;17;1
vkontakte.ru;16/02/2015;21;6;3
vkontakte.ru;16/02/2015;22;9;51
vkontakte.ru;16/02/2015;7;12;27
vkontakte.ru;16/02/2015;23;4;5
vkontakte.ru;16/02/2015;24;6;268
vkontakte.ru;16/02/2015;8;13;19
vkontakte.ru;16/02/2015;26;4;556
vkontakte.ru;16/02/2015;13;19;1
vkontakte.ru;16/02/2015;14;7;1
vkontakte.ru;16/02/2015;15;4;4
vkontakte.ru;16/02/2015;16;3;1
vkontakte.ru;16/02/2015;17;6;18
mail.ru;16/02/2015;20;89;20
mail.ru;16/02/2015;21;284;35
mail.ru;16/02/2015;3;411;4
mail.ru;16/02/2015;22;92;14
mail.ru;16/02/2015;6;1998;53
mail.ru;16/02/2015;7;51;3
mail.ru;16/02/2015;8;133;164
mail.ru;16/02/2015;9;75;14
mail.ru;16/02/2015;29;3;13
mail.ru;16/02/2015;13;720;32
mail.ru;16/02/2015;14;152;39
mail.ru;16/02/2015;16;167;3
vkontakte.ru;17/02/2015;3;4;44
vkontakte.ru;17/02/2015;7;29;53
vkontakte.ru;17/02/2015;25;5;2
vkontakte.ru;17/02/2015;8;15;7
vkontakte.ru;17/02/2015;26;6;3
vkontakte.ru;17/02/2015;29;7;138
vkontakte.ru;17/02/2015;14;5;5
vkontakte.ru;17/02/2015;16;8;24
vkontakte.ru;17/02/2015;17;7;34
mail.ru;17/02/2015;21;333;23
mail.ru;17/02/2015;3;88;381
mail.ru;17/02/2015;22;65;4
mail.ru;17/02/2015;4;80;11
mail.ru;17/02/2015;6;1302;8
mail.ru;17/02/2015;7;54;1
mail.ru;17/02/2015;8;645;6
mail.ru;17/02/2015;9;81;11
mail.ru;17/02/2015;26;259;28
mail.ru;17/02/2015;29;336;47
mail.ru;17/02/2015;13;3092;4
mail.ru;17/02/2015;14;66;1
mail.ru;17/02/2015;16;602;1
mail.ru;17/02/2015;19;3;21
vkontakte.ru;18/02/2015;20;10;15
vkontakte.ru;18/02/2015;21;12;152
vkontakte.ru;18/02/2015;4;3;1
vkontakte.ru;18/02/2015;24;7;1
vkontakte.ru;18/02/2015;8;5;29
vkontakte.ru;18/02/2015;27;17;16
vkontakte.ru;18/02/2015;14;6;1
vkontakte.ru;18/02/2015;16;5;34
vkontakte.ru;18/02/2015;18;7;35
mail.ru;18/02/2015;21;552;13
mail.ru;18/02/2015;6;1469;3
mail.ru;18/02/2015;23;58;6
mail.ru;18/02/2015;24;5;22
mail.ru;18/02/2015;8;189;16
mail.ru;18/02/2015;9;657;20
mail.ru;18/02/2015;26;11;1
mail.ru;18/02/2015;27;54;347
mail.ru;18/02/2015;13;1359;1
mail.ru;18/02/2015;14;11;13
mail.ru;18/02/2015;16;370;7
mail.ru;18/02/2015;17;14;2
mail.ru;18/02/2015;18;38;7
vkontakte.ru;19/02/2015;2;40;14
vkontakte.ru;19/02/2015;3;31;1
vkontakte.ru;19/02/2015;23;22;11
vkontakte.ru;19/02/2015;25;28;1
vkontakte.ru;19/02/2015;26;14;11
vkontakte.ru;19/02/2015;27;24;18
vkontakte.ru;19/02/2015;29;5;351
vkontakte.ru;19/02/2015;13;38;46
vkontakte.ru;19/02/2015;16;16;41
vkontakte.ru;19/02/2015;17;7;8
vkontakte.ru;19/02/2015;18;3;3
vkontakte.ru;19/02/2015;19;4;7
mail.ru;19/02/2015;1;11305;62
mail.ru;19/02/2015;20;36;4
mail.ru;19/02/2015;3;433;3
mail.ru;19/02/2015;22;101;2
mail.ru;19/02/2015;6;787;1
mail.ru;19/02/2015;9;18;16
mail.ru;19/02/2015;26;31;31
mail.ru;19/02/2015;28;17;12
mail.ru;19/02/2015;29;169;1
mail.ru;19/02/2015;13;1512;362
mail.ru;19/02/2015;14;161;10
mail.ru;19/02/2015;16;180;10
mail.ru;19/02/2015;18;9;2
vkontakte.ru;20/02/2015;20;9;25
vkontakte.ru;20/02/2015;21;5;27
vkontakte.ru;20/02/2015;3;9;69
vkontakte.ru;20/02/2015;22;3;18
vkontakte.ru;20/02/2015;23;7;3
vkontakte.ru;20/02/2015;9;6;2
vkontakte.ru;20/02/2015;14;68;9
vkontakte.ru;20/02/2015;15;5;17
vkontakte.ru;20/02/2015;16;17;251
vkontakte.ru;20/02/2015;17;4;5
mail.ru;20/02/2015;1;9115;106
mail.ru;20/02/2015;20;46;3
mail.ru;20/02/2015;21;348;1
mail.ru;20/02/2015;3;123;3
mail.ru;20/02/2015;22;49;1
mail.ru;20/02/2015;6;4561;3
mail.ru;20/02/2015;26;3;20
mail.ru;20/02/2015;28;1170;4
mail.ru;20/02/2015;13;693;28
mail.ru;20/02/2015;14;94;52
mail.ru;20/02/2015;16;65;3
vkontakte.ru;21/02/2015;21;5;23
vkontakte.ru;21/02/2015;3;43;23
vkontakte.ru;21/02/2015;24;12;20
vkontakte.ru;21/02/2015;25;27;5
vkontakte.ru;21/02/2015;27;34;7
vkontakte.ru;21/02/2015;15;3;2
vkontakte.ru;21/02/2015;18;21;1
mail.ru;21/02/2015;1;7768;11
mail.ru;21/02/2015;3;194;84
mail.ru;21/02/2015;4;313;27
mail.ru;21/02/2015;6;2036;16
mail.ru;21/02/2015;24;19;2
mail.ru;21/02/2015;9;518;2
mail.ru;21/02/2015;26;158;7
mail.ru;21/02/2015;28;2059;33
mail.ru;21/02/2015;29;6;18
mail.ru;21/02/2015;13;2309;187
mail.ru;21/02/2015;14;120;6
mail.ru;21/02/2015;16;321;13
mail.ru;21/02/2015;18;84;5
vkontakte.ru;22/02/2015;20;22;1
vkontakte.ru;22/02/2015;21;7;28
vkontakte.ru;22/02/2015;3;3;33
vkontakte.ru;22/02/2015;7;19;14
vkontakte.ru;22/02/2015;23;5;13
vkontakte.ru;22/02/2015;13;14;10
vkontakte.ru;22/02/2015;15;10;28
vkontakte.ru;22/02/2015;16;12;3
vkontakte.ru;22/02/2015;18;31;110
mail.ru;22/02/2015;21;534;3
mail.ru;22/02/2015;3;63;68
mail.ru;22/02/2015;22;66;4
mail.ru;22/02/2015;9;36;17
mail.ru;22/02/2015;26;128;11
mail.ru;22/02/2015;28;771;23
mail.ru;22/02/2015;29;352;13
mail.ru;22/02/2015;13;905;16
mail.ru;22/02/2015;14;198;1
mail.ru;22/02/2015;16;94;12
mail.ru;22/02/2015;18;10;130
vkontakte.ru;23/02/2015;3;39;7
vkontakte.ru;23/02/2015;6;9;1
vkontakte.ru;23/02/2015;27;14;24
vkontakte.ru;23/02/2015;12;12;4
vkontakte.ru;23/02/2015;15;11;2
vkontakte.ru;23/02/2015;16;24;1
vkontakte.ru;23/02/2015;17;4;16
vkontakte.ru;23/02/2015;18;36;2
vkontakte.ru;23/02/2015;19;6;11
mail.ru;23/02/2015;2;764;1
mail.ru;23/02/2015;3;785;6
mail.ru;23/02/2015;6;1363;77
mail.ru;23/02/2015;23;139;1
mail.ru;23/02/2015;9;121;13
mail.ru;23/02/2015;10;12;38
mail.ru;23/02/2015;26;74;69
mail.ru;23/02/2015;28;1376;1
mail.ru;23/02/2015;29;68;2
mail.ru;23/02/2015;12;19;3
mail.ru;23/02/2015;13;55;12
mail.ru;23/02/2015;14;60;37
mail.ru;23/02/2015;16;1182;16
mail.ru;23/02/2015;17;16;6
vkontakte.ru;24/02/2015;21;503;2
vkontakte.ru;24/02/2015;3;14;79
vkontakte.ru;24/02/2015;23;4;2
vkontakte.ru;24/02/2015;15;3;8
vkontakte.ru;24/02/2015;16;196;13
vkontakte.ru;24/02/2015;17;5;19
vkontakte.ru;24/02/2015;18;11;250
vkontakte.ru;24/02/2015;19;5;1
mail.ru;24/02/2015;22;120;19
mail.ru;24/02/2015;6;98;12
mail.ru;24/02/2015;23;49;21
mail.ru;24/02/2015;9;151;4
mail.ru;24/02/2015;10;192;47
mail.ru;24/02/2015;26;125;11
mail.ru;24/02/2015;28;370;6
mail.ru;24/02/2015;29;1116;147
mail.ru;24/02/2015;13;89;2
mail.ru;24/02/2015;14;46;22
mail.ru;24/02/2015;16;771;8
mail.ru;24/02/2015;17;44;36
vkontakte.ru;25/02/2015;20;12;1
vkontakte.ru;25/02/2015;23;6;68
vkontakte.ru;25/02/2015;24;39;25
vkontakte.ru;25/02/2015;26;29;13
vkontakte.ru;25/02/2015;28;4;7
vkontakte.ru;25/02/2015;29;6;12
vkontakte.ru;25/02/2015;14;15;5
vkontakte.ru;25/02/2015;15;3;25
vkontakte.ru;25/02/2015;16;56;2
vkontakte.ru;25/02/2015;18;170;9
vkontakte.ru;25/02/2015;19;4;35
mail.ru;25/02/2015;3;707;13
mail.ru;25/02/2015;22;50;35
mail.ru;25/02/2015;6;2909;27
mail.ru;25/02/2015;9;24;6
mail.ru;25/02/2015;10;59;3
mail.ru;25/02/2015;26;41;21
mail.ru;25/02/2015;28;1851;31
mail.ru;25/02/2015;29;8;127
mail.ru;25/02/2015;13;459;8
mail.ru;25/02/2015;14;15;6
mail.ru;25/02/2015;16;333;2
mail.ru;25/02/2015;18;30;9
vkontakte.ru;26/02/2015;24;38;63
vkontakte.ru;26/02/2015;9;5;6
vkontakte.ru;26/02/2015;14;42;2
vkontakte.ru;26/02/2015;15;12;2
vkontakte.ru;26/02/2015;16;12;15
vkontakte.ru;26/02/2015;18;25;32
mail.ru;26/02/2015;3;254;3
mail.ru;26/02/2015;6;1989;38
mail.ru;26/02/2015;23;210;11
mail.ru;26/02/2015;10;92;2
mail.ru;26/02/2015;26;279;5
mail.ru;26/02/2015;28;1131;11
mail.ru;26/02/2015;14;88;14
mail.ru;26/02/2015;15;20;16
mail.ru;26/02/2015;16;516;25
mail.ru;26/02/2015;18;19;3
vkontakte.ru;27/02/2015;2;43;10
vkontakte.ru;27/02/2015;22;4;16
vkontakte.ru;27/02/2015;9;127;3
vkontakte.ru;27/02/2015;26;43;53
vkontakte.ru;27/02/2015;12;3;18
vkontakte.ru;27/02/2015;14;30;279
vkontakte.ru;27/02/2015;15;5;2
vkontakte.ru;27/02/2015;16;19;6
mail.ru;27/02/2015;3;734;5
mail.ru;27/02/2015;22;105;55
mail.ru;27/02/2015;6;1259;1
mail.ru;27/02/2015;9;1569;20
mail.ru;27/02/2015;26;6;5
mail.ru;27/02/2015;28;321;15
mail.ru;27/02/2015;29;104;2
mail.ru;27/02/2015;13;369;20
mail.ru;27/02/2015;14;42;100
mail.ru;27/02/2015;16;35;16
mail.ru;27/02/2015;18;48;6
vkontakte.ru;28/02/2015;24;13;15
vkontakte.ru;28/02/2015;9;8;16
vkontakte.ru;28/02/2015;26;4;13
vkontakte.ru;28/02/2015;12;4;1
vkontakte.ru;28/02/2015;13;8;6
vkontakte.ru;28/02/2015;14;43;3
vkontakte.ru;28/02/2015;16;218;46
vkontakte.ru;28/02/2015;17;49;35
vkontakte.ru;28/02/2015;18;30;76
mail.ru;28/02/2015;3;121;56
mail.ru;28/02/2015;22;74;3
mail.ru;28/02/2015;4;414;17
mail.ru;28/02/2015;6;1496;1
mail.ru;28/02/2015;9;15;23
mail.ru;28/02/2015;28;745;6
mail.ru;28/02/2015;29;305;4
mail.ru;28/02/2015;13;49;3
mail.ru;28/02/2015;14;64;14
mail.ru;28/02/2015;16;222;18
mail.ru;28/02/2015;17;9;11
