resp,dt,weight
1,01/01/2015,2.75189177
2,01/01/2015,5.217999422
3,01/01/2015,2.444452149
4,01/01/2015,12.95696418
5,01/01/2015,6.674970378
6,01/01/2015,1.714272514
7,01/01/2015,3.71680414
8,01/01/2015,0.793291909
9,01/01/2015,1.149196509
10,01/01/2015,1.072810977
11,01/01/2015,2.91408725
12,01/01/2015,1.59766494
13,01/01/2015,3.7538021
14,01/01/2015,13.7102185
15,01/01/2015,3.766381914
16,01/01/2015,1.193512138
17,01/01/2015,1.596251684
18,01/01/2015,4.540739024
19,01/01/2015,0.864237809
20,01/01/2015,1.112327523
21,01/01/2015,4.738730492
22,01/01/2015,1.597448815
23,01/01/2015,12.90927672
24,01/01/2015,11.64755266
25,01/01/2015,0.793291909
26,01/01/2015,1.112327523
27,01/01/2015,4.801939555
28,01/01/2015,6.587106168
29,01/01/2015,2.099396096
1,02/01/2015,2.926173456
2,02/01/2015,3.944382932
3,02/01/2015,1.180470005
4,02/01/2015,13.76932998
5,02/01/2015,5.670718703
6,02/01/2015,1.297369064
7,02/01/2015,3.075927571
8,02/01/2015,1.301227334
9,02/01/2015,1.049882151
10,02/01/2015,2.263585542
11,02/01/2015,1.522894994
12,02/01/2015,0.740518017
13,02/01/2015,2.645759387
14,02/01/2015,14.36180317
15,02/01/2015,4.904766459
16,02/01/2015,0.93276431
17,02/01/2015,1.383821978
18,02/01/2015,2.95294536
19,02/01/2015,1.230021149
20,02/01/2015,0.986762234
21,02/01/2015,6.705148446
22,02/01/2015,2.062696426
23,02/01/2015,15.47227509
24,02/01/2015,10.56880884
25,02/01/2015,1.301227334
26,02/01/2015,0.986762234
27,02/01/2015,5.506453955
28,02/01/2015,5.521068452
29,02/01/2015,1.615429498
1,03/01/2015,3.416447367
2,03/01/2015,4.764257932
3,03/01/2015,1.664875472
4,03/01/2015,14.89115621
5,03/01/2015,8.405833587
6,03/01/2015,1.63088594
7,03/01/2015,2.87666912
8,03/01/2015,0.72329047
9,03/01/2015,1.755753713
10,03/01/2015,1.173541607
11,03/01/2015,3.327318936
12,03/01/2015,1.012734696
13,03/01/2015,5.19403005
14,03/01/2015,14.95416597
15,03/01/2015,5.214342444
16,03/01/2015,0.766081593
17,03/01/2015,2.20061899
18,03/01/2015,3.845364572
19,03/01/2015,0.712884618
20,03/01/2015,0.777263952
21,03/01/2015,8.067406209
22,03/01/2015,1.404889121
23,03/01/2015,13.86669381
24,03/01/2015,7.983428276
25,03/01/2015,0.72329047
26,03/01/2015,0.777263952
27,03/01/2015,4.496669691
28,03/01/2015,4.637363612
29,03/01/2015,1.169186677
1,04/01/2015,2.761951866
2,04/01/2015,4.586818032
3,04/01/2015,1.766794321
4,04/01/2015,13.63653821
5,04/01/2015,5.520052058
6,04/01/2015,1.678057945
7,04/01/2015,3.764196453
8,04/01/2015,0.604715581
9,04/01/2015,1.909119577
10,04/01/2015,1.250353169
11,04/01/2015,2.823839496
12,04/01/2015,1.115159331
13,04/01/2015,4.511092136
14,04/01/2015,13.65140732
15,04/01/2015,3.668370081
16,04/01/2015,0.971260836
17,04/01/2015,0.71939132
18,04/01/2015,4.91198488
19,04/01/2015,0.603520088
20,04/01/2015,0.645454817
21,04/01/2015,5.570734982
22,04/01/2015,0.595008249
23,04/01/2015,13.61399748
24,04/01/2015,10.85026706
25,04/01/2015,0.604715581
26,04/01/2015,0.645454817
27,04/01/2015,5.428918971
28,04/01/2015,5.664248678
29,04/01/2015,1.88341148
1,05/01/2015,1.505174666
2,05/01/2015,1.228768604
3,05/01/2015,1.78655928
4,05/01/2015,16.54975397
5,05/01/2015,5.790429105
6,05/01/2015,1.296314815
7,05/01/2015,3.563309932
8,05/01/2015,0.673402518
9,05/01/2015,0.674446219
10,05/01/2015,0.865743188
11,05/01/2015,1.578829745
12,05/01/2015,0.823308162
13,05/01/2015,0.702635739
14,05/01/2015,16.5658202
15,05/01/2015,2.416304786
16,05/01/2015,0.683423277
17,05/01/2015,0.714592652
18,05/01/2015,8.797991194
19,05/01/2015,0.672643163
20,05/01/2015,0.68814242
21,05/01/2015,0.876168183
22,05/01/2015,1.42497806
23,05/01/2015,16.25744672
24,05/01/2015,1.4516719
25,05/01/2015,0.673402518
26,05/01/2015,0.68814242
27,05/01/2015,11.15138796
28,05/01/2015,5.610501235
29,05/01/2015,1.775542482
1,06/01/2015,3.223575754
2,06/01/2015,4.250277606
3,06/01/2015,2.179077367
4,06/01/2015,12.35073429
5,06/01/2015,7.542351786
6,06/01/2015,1.8423441
7,06/01/2015,3.155232061
8,06/01/2015,0.965017917
9,06/01/2015,1.028588078
10,06/01/2015,1.16168616
11,06/01/2015,3.319185797
12,06/01/2015,1.549627391
13,06/01/2015,2.675114921
14,06/01/2015,12.32913158
15,06/01/2015,3.419600584
16,06/01/2015,1.254727413
17,06/01/2015,1.341644849
18,06/01/2015,3.896639355
19,06/01/2015,0.960056029
20,06/01/2015,1.055372863
21,06/01/2015,4.38013862
22,06/01/2015,1.245025007
23,06/01/2015,12.26497941
24,06/01/2015,11.79030667
25,06/01/2015,0.965017917
26,06/01/2015,1.055372863
27,06/01/2015,4.747138815
28,06/01/2015,6.959254328
29,06/01/2015,2.532266009
1,07/01/2015,3.300837327
2,07/01/2015,4.780171265
3,07/01/2015,1.726863997
4,07/01/2015,12.247967
5,07/01/2015,5.909134694
6,07/01/2015,1.639246676
7,07/01/2015,3.946840498
8,07/01/2015,1.068617411
9,07/01/2015,1.119411614
10,07/01/2015,1.064091894
11,07/01/2015,3.728544666
12,07/01/2015,0.974580926
13,07/01/2015,4.482603216
14,07/01/2015,12.40670895
15,07/01/2015,4.084028245
16,07/01/2015,0.854872665
17,07/01/2015,1.303469662
18,07/01/2015,3.88203006
19,07/01/2015,1.019462777
20,07/01/2015,0.873126991
21,07/01/2015,5.355149132
22,07/01/2015,2.38173156
23,07/01/2015,14.76410972
24,07/01/2015,9.919973194
25,07/01/2015,1.068617411
26,07/01/2015,0.873126991
27,07/01/2015,5.541288107
28,07/01/2015,5.71063928
29,07/01/2015,2.204701554
1,08/01/2015,3.581770736
2,08/01/2015,4.529019694
3,08/01/2015,1.786192117
4,08/01/2015,14.14562655
5,08/01/2015,8.78552033
6,08/01/2015,1.790519821
7,08/01/2015,2.399075435
8,08/01/2015,0.751887565
9,08/01/2015,1.632444014
10,08/01/2015,1.278534751
11,08/01/2015,3.96904241
12,08/01/2015,1.084170205
13,08/01/2015,5.113338383
14,08/01/2015,14.87522207
15,08/01/2015,5.319683852
16,08/01/2015,0.777235959
17,08/01/2015,2.029587335
18,08/01/2015,3.439243991
19,08/01/2015,0.745277958
20,08/01/2015,0.785907143
21,08/01/2015,8.77380875
22,08/01/2015,1.530196664
23,08/01/2015,13.87827492
24,08/01/2015,7.838605942
25,08/01/2015,0.751887565
26,08/01/2015,0.785907143
27,08/01/2015,4.440559287
28,08/01/2015,3.962101244
29,08/01/2015,1.187351725
1,09/01/2015,7.088715509
2,09/01/2015,3.47444634
3,09/01/2015,0.953796691
4,09/01/2015,8.340537099
5,09/01/2015,6.614318019
6,09/01/2015,0.932257366
7,09/01/2015,4.438247328
8,09/01/2015,0.748668178
9,09/01/2015,0.971253095
10,09/01/2015,1.00310914
11,09/01/2015,3.266009999
12,09/01/2015,0.967231346
13,09/01/2015,6.964238312
14,09/01/2015,12.61977911
15,09/01/2015,4.928908422
16,09/01/2015,0.765830734
17,09/01/2015,1.948918173
18,09/01/2015,3.885544481
19,09/01/2015,0.744743803
20,09/01/2015,0.772280182
21,09/01/2015,8.784051698
22,09/01/2015,2.767746706
23,09/01/2015,14.51292562
24,09/01/2015,7.760414163
25,09/01/2015,0.748668178
26,09/01/2015,0.772280182
27,09/01/2015,3.218799003
28,09/01/2015,4.628367554
29,09/01/2015,1.019725388
1,10/01/2015,3.339105425
2,10/01/2015,4.922234482
3,10/01/2015,1.614525609
4,10/01/2015,10.71942097
5,10/01/2015,6.139018733
6,10/01/2015,1.597721023
7,10/01/2015,3.920478559
8,10/01/2015,1.302962724
9,10/01/2015,0.95900365
10,10/01/2015,1.322011039
11,10/01/2015,3.45557108
12,10/01/2015,0.892269024
13,10/01/2015,4.40333632
14,10/01/2015,11.18393909
15,10/01/2015,4.100467128
16,10/01/2015,1.098380321
17,10/01/2015,1.313829043
18,10/01/2015,3.820540517
19,10/01/2015,1.193299897
20,10/01/2015,1.199320153
21,10/01/2015,5.250785364
22,10/01/2015,1.830832336
23,10/01/2015,14.97338333
24,10/01/2015,10.0968835
25,10/01/2015,1.302962724
26,10/01/2015,1.199320153
27,10/01/2015,5.491848114
28,10/01/2015,5.869548655
29,10/01/2015,2.132407766
1,11/01/2015,2.874665709
2,11/01/2015,4.149947749
3,11/01/2015,1.741279295
4,11/01/2015,11.01442837
5,11/01/2015,5.539083205
6,11/01/2015,1.700171379
7,11/01/2015,4.051676511
8,11/01/2015,0.849841986
9,11/01/2015,0.897767005
10,11/01/2015,1.346077827
11,11/01/2015,3.22030983
12,11/01/2015,1.261927853
13,11/01/2015,4.311427871
14,11/01/2015,13.10041515
15,11/01/2015,4.4701901
16,11/01/2015,1.234946107
17,11/01/2015,1.5388577
18,11/01/2015,3.411773083
19,11/01/2015,1.144975934
20,11/01/2015,0.916621058
21,11/01/2015,5.529884721
22,11/01/2015,2.736763421
23,11/01/2015,13.31015727
24,11/01/2015,11.08835
25,11/01/2015,0.849841986
26,11/01/2015,0.916621058
27,11/01/2015,5.75461648
28,11/01/2015,5.322768545
29,11/01/2015,1.828291804
1,12/01/2015,3.790700956
2,12/01/2015,4.260948637
3,12/01/2015,1.628015767
4,12/01/2015,11.4888093
5,12/01/2015,7.681111486
6,12/01/2015,1.552042745
7,12/01/2015,3.097506015
8,12/01/2015,0.579818876
9,12/01/2015,2.077682181
10,12/01/2015,1.047327069
11,12/01/2015,2.586941262
12,12/01/2015,1.000614994
13,12/01/2015,5.219258024
14,12/01/2015,14.74133371
15,12/01/2015,4.952077092
16,12/01/2015,0.614316259
17,12/01/2015,2.482807863
18,12/01/2015,4.015508925
19,12/01/2015,0.57744663
20,12/01/2015,0.62401292
21,12/01/2015,8.76686015
22,12/01/2015,1.235353844
23,12/01/2015,13.09474614
24,12/01/2015,7.846593174
25,12/01/2015,0.579818876
26,12/01/2015,0.62401292
27,12/01/2015,4.693104689
28,12/01/2015,4.804506996
29,12/01/2015,1.52864843
1,13/01/2015,2.362699439
2,13/01/2015,4.383855059
3,13/01/2015,3.140949752
4,13/01/2015,10.00479802
5,13/01/2015,6.546788626
6,13/01/2015,3.458780758
7,13/01/2015,4.026578629
8,13/01/2015,0.606420798
9,13/01/2015,1.520841566
10,13/01/2015,0.92555596
11,13/01/2015,3.070313573
12,13/01/2015,2.51542304
13,13/01/2015,3.442097918
14,13/01/2015,12.62601758
15,13/01/2015,3.904277701
16,13/01/2015,0.699032067
17,13/01/2015,0.802508676
18,13/01/2015,5.501453076
19,13/01/2015,0.604355827
20,13/01/2015,0.706663779
21,13/01/2015,5.301403211
22,13/01/2015,1.936943443
23,13/01/2015,15.29084039
24,13/01/2015,14.24344996
25,13/01/2015,0.606420798
26,13/01/2015,0.706663779
27,13/01/2015,5.140381512
28,13/01/2015,6.751865822
29,13/01/2015,1.453169731
1,14/01/2015,2.481043651
2,14/01/2015,4.446457677
3,14/01/2015,3.1721332
4,14/01/2015,11.87754115
5,14/01/2015,6.445884607
6,14/01/2015,3.517527189
7,14/01/2015,3.99240279
8,14/01/2015,0.607167744
9,14/01/2015,1.521140545
10,14/01/2015,0.936111718
11,14/01/2015,2.997160797
12,14/01/2015,2.594051147
13,14/01/2015,3.63405243
14,14/01/2015,12.25888111
15,14/01/2015,3.844967424
16,14/01/2015,0.716381225
17,14/01/2015,0.803329436
18,14/01/2015,5.08859979
19,14/01/2015,0.604967536
20,14/01/2015,0.75553931
21,14/01/2015,5.470175227
22,14/01/2015,1.861196882
24,14/01/2015,13.6869813
25,14/01/2015,0.607167744
26,14/01/2015,0.75553931
27,14/01/2015,5.26816723
28,14/01/2015,6.693052205
29,14/01/2015,1.536689873
23,14/01/2015,15.29084039
1,15/01/2015,3.337650915
2,15/01/2015,4.628829387
3,15/01/2015,1.892743146
4,15/01/2015,10.24095806
5,15/01/2015,5.693360751
6,15/01/2015,1.885329361
7,15/01/2015,4.073632746
8,15/01/2015,0.741087671
9,15/01/2015,1.246348426
10,15/01/2015,1.127152339
11,15/01/2015,3.526952732
12,15/01/2015,1.120147063
13,15/01/2015,4.676480621
14,15/01/2015,13.18837991
15,15/01/2015,3.911813406
16,15/01/2015,1.090938181
17,15/01/2015,1.294248502
18,15/01/2015,3.046426741
19,15/01/2015,0.793804964
20,15/01/2015,0.730521367
21,15/01/2015,5.989911571
22,15/01/2015,2.580886678
24,15/01/2015,9.811704497
25,15/01/2015,0.741087671
26,15/01/2015,0.730521367
27,15/01/2015,5.751970746
28,15/01/2015,5.928877066
29,15/01/2015,2.38810865
23,15/01/2015,15.29084039
1,16/01/2015,3.3824275
2,16/01/2015,4.571347336
3,16/01/2015,1.734420645
4,16/01/2015,11.03618573
5,16/01/2015,5.594204014
6,16/01/2015,1.806619007
7,16/01/2015,4.09872536
8,16/01/2015,0.788510371
9,16/01/2015,1.337581267
10,16/01/2015,1.08428289
11,16/01/2015,3.331379185
12,16/01/2015,1.068138884
13,16/01/2015,4.777076949
14,16/01/2015,11.61792811
15,16/01/2015,3.910819439
16,16/01/2015,1.042649576
17,16/01/2015,1.459374768
18,16/01/2015,3.238645239
19,16/01/2015,0.774172869
20,16/01/2015,0.696471952
21,16/01/2015,6.126851728
22,16/01/2015,2.427601166
24,16/01/2015,9.668656268
25,16/01/2015,0.788510371
26,16/01/2015,0.696471952
27,16/01/2015,5.845966425
28,16/01/2015,5.86299271
29,16/01/2015,2.478215191
23,16/01/2015,15.29084039
1,17/01/2015,3.452590995
2,17/01/2015,4.809624355
3,17/01/2015,1.577991299
4,17/01/2015,9.867094311
5,17/01/2015,5.803633681
6,17/01/2015,1.719594351
7,17/01/2015,4.136717499
8,17/01/2015,1.138530514
9,17/01/2015,1.228724183
10,17/01/2015,1.096211071
11,17/01/2015,3.110988805
12,17/01/2015,0.954144049
13,17/01/2015,4.630967831
14,17/01/2015,10.41689853
15,17/01/2015,3.903177969
16,17/01/2015,0.980913611
17,17/01/2015,1.526093532
18,17/01/2015,3.277583144
19,17/01/2015,1.02160634
20,17/01/2015,1.093180449
21,17/01/2015,5.92240507
22,17/01/2015,2.098965147
24,17/01/2015,9.393240836
25,17/01/2015,1.138530514
26,17/01/2015,1.093180449
27,17/01/2015,5.588054055
28,17/01/2015,6.15088351
29,17/01/2015,2.460939882
23,17/01/2015,15.29084039
1,18/01/2015,3.519305573
2,18/01/2015,3.36261445
3,18/01/2015,1.266320897
4,18/01/2015,10.23018695
5,18/01/2015,4.704175076
6,18/01/2015,1.448694045
7,18/01/2015,3.619886291
8,18/01/2015,1.165922591
9,18/01/2015,1.296325212
10,18/01/2015,2.297126258
11,18/01/2015,1.085801082
12,18/01/2015,0.691096606
13,18/01/2015,2.804538399
14,18/01/2015,10.74036505
15,18/01/2015,4.981701013
16,18/01/2015,0.846604064
17,18/01/2015,1.539316941
18,18/01/2015,2.666496901
19,18/01/2015,1.097640396
20,18/01/2015,0.923194537
21,18/01/2015,5.53719869
22,18/01/2015,2.127388565
24,18/01/2015,8.586919991
25,18/01/2015,1.165922591
26,18/01/2015,0.923194537
27,18/01/2015,6.363304717
28,18/01/2015,6.186493204
29,18/01/2015,2.981740138
23,18/01/2015,15.29084039
1,19/01/2015,5.449346822
2,19/01/2015,6.774013761
3,19/01/2015,1.176743221
4,19/01/2015,18.24040808
5,19/01/2015,0.693712558
6,19/01/2015,1.041424823
7,19/01/2015,4.439176934
8,19/01/2015,1.564799925
9,19/01/2015,1.336784909
10,19/01/2015,1.22350998
11,19/01/2015,3.407455163
12,19/01/2015,1.200997986
13,19/01/2015,1.377097198
14,19/01/2015,18.22104419
15,19/01/2015,0.664809109
16,19/01/2015,1.023027719
17,19/01/2015,0.91253746
18,19/01/2015,3.184938401
19,19/01/2015,0.934128088
20,19/01/2015,1.48367567
21,19/01/2015,3.695267052
22,19/01/2015,1.595669385
24,19/01/2015,0.672744255
25,19/01/2015,1.564799925
26,19/01/2015,1.48367567
27,19/01/2015,7.86558803
28,19/01/2015,9.254525346
29,19/01/2015,1.76077252
23,19/01/2015,15.29084039
1,20/01/2015,2.650778829
2,20/01/2015,5.86541204
3,20/01/2015,1.787027655
4,20/01/2015,14.27704729
5,20/01/2015,7.623958262
6,20/01/2015,1.589813245
7,20/01/2015,3.501487502
8,20/01/2015,1.185482269
9,20/01/2015,1.171366238
10,20/01/2015,1.023155971
11,20/01/2015,2.10561964
12,20/01/2015,1.480004261
13,20/01/2015,3.457763185
14,20/01/2015,12.81276282
15,20/01/2015,3.563629378
16,20/01/2015,0.984510008
17,20/01/2015,1.882544434
18,20/01/2015,0.576825778
19,20/01/2015,0.882968698
20,20/01/2015,1.321812609
21,20/01/2015,4.747590314
22,20/01/2015,1.927569244
24,20/01/2015,12.39358831
25,20/01/2015,1.185482269
26,20/01/2015,1.321812609
27,20/01/2015,4.494457
28,20/01/2015,8.053348914
29,20/01/2015,1.788392038
23,20/01/2015,15.29084039
1,21/01/2015,3.608496119
2,21/01/2015,4.168790732
3,21/01/2015,1.643649391
4,21/01/2015,14.29792928
5,21/01/2015,7.3735633
6,21/01/2015,1.672236022
7,21/01/2015,3.096047163
8,21/01/2015,0.558068799
9,21/01/2015,2.072763119
10,21/01/2015,1.083892258
11,21/01/2015,2.938346589
12,21/01/2015,1.046052905
13,21/01/2015,5.234507656
14,21/01/2015,15.76113579
15,21/01/2015,4.612469298
16,21/01/2015,0.704677654
17,21/01/2015,2.381197308
18,21/01/2015,3.717897139
19,21/01/2015,0.555412696
20,21/01/2015,0.637416099
21,21/01/2015,8.764841006
22,21/01/2015,1.439930962
24,21/01/2015,7.456736677
25,21/01/2015,0.558068799
26,21/01/2015,0.637416099
27,21/01/2015,4.500725688
28,21/01/2015,4.949387901
29,21/01/2015,1.515152677
23,21/01/2015,15.29084039
1,22/01/2015,5.486545308
2,22/01/2015,2.125991128
3,22/01/2015,0.995945895
4,22/01/2015,4.998799884
5,22/01/2015,4.236023559
6,22/01/2015,0.74811828
7,22/01/2015,2.79977679
8,22/01/2015,0.714203511
9,22/01/2015,2.303239352
10,22/01/2015,0.597401648
11,22/01/2015,3.446993467
12,22/01/2015,0.720491987
13,22/01/2015,0.750218321
14,22/01/2015,11.31051004
15,22/01/2015,4.183867563
16,22/01/2015,0.747538838
17,22/01/2015,3.290349392
18,22/01/2015,0.605346768
19,22/01/2015,0.723106756
20,22/01/2015,0.738334773
21,22/01/2015,0.908704598
22,22/01/2015,1.947738625
24,22/01/2015,17.34379519
25,22/01/2015,0.714203511
26,22/01/2015,0.738334773
27,22/01/2015,0.994790666
28,22/01/2015,2.834678743
29,22/01/2015,3.92157021
23,22/01/2015,15.29084039
1,23/01/2015,1.967998122
2,23/01/2015,2.934882765
3,23/01/2015,1.234048319
4,23/01/2015,1.677837247
5,23/01/2015,3.570720417
6,23/01/2015,1.800308687
7,23/01/2015,6.543152732
8,23/01/2015,0.693745975
9,23/01/2015,2.110469748
10,23/01/2015,0.722075711
11,23/01/2015,1.725993201
12,23/01/2015,2.074462406
13,23/01/2015,5.822485763
14,23/01/2015,9.104864225
15,23/01/2015,2.36560152
16,23/01/2015,0.670631867
17,23/01/2015,1.382109814
18,23/01/2015,4.819418918
19,23/01/2015,1.047164071
20,23/01/2015,0.698563956
21,23/01/2015,0.586313878
22,23/01/2015,1.063803595
24,23/01/2015,12.85300544
25,23/01/2015,0.693745975
26,23/01/2015,0.698563956
27,23/01/2015,7.083917983
28,23/01/2015,9.876460112
29,23/01/2015,3.6062505
23,23/01/2015,15.29084039
1,24/01/2015,2.340796355
2,24/01/2015,4.172475243
3,24/01/2015,1.751485759
4,24/01/2015,3.424286199
5,24/01/2015,5.138088163
6,24/01/2015,1.946938978
7,24/01/2015,3.709886468
8,24/01/2015,0.665436618
9,24/01/2015,1.249564941
10,24/01/2015,1.249305589
11,24/01/2015,3.592925883
12,24/01/2015,1.189342536
13,24/01/2015,5.542203651
14,24/01/2015,15.5002023
15,24/01/2015,3.138745935
16,24/01/2015,1.192077851
17,24/01/2015,1.597183433
18,24/01/2015,2.874490086
19,24/01/2015,0.779313199
20,24/01/2015,0.79816662
21,24/01/2015,7.21322706
22,24/01/2015,2.616631336
24,24/01/2015,9.943953993
25,24/01/2015,0.665436618
26,24/01/2015,0.79816662
27,24/01/2015,6.241491288
28,24/01/2015,5.430513425
29,24/01/2015,2.328573129
23,24/01/2015,15.29084039
1,25/01/2015,3.304750222
2,25/01/2015,4.172224916
3,25/01/2015,2.240980226
4,25/01/2015,2.907468986
5,25/01/2015,5.762666061
6,25/01/2015,1.827470015
7,25/01/2015,3.499753668
8,25/01/2015,0.882892233
9,25/01/2015,1.117865968
10,25/01/2015,1.150141498
11,25/01/2015,2.736926023
12,25/01/2015,1.624913568
13,25/01/2015,2.985397437
14,25/01/2015,13.8292098
15,25/01/2015,2.959028696
16,25/01/2015,1.395117332
17,25/01/2015,1.535823122
18,25/01/2015,4.254508095
19,25/01/2015,0.992950711
20,25/01/2015,1.240482778
21,25/01/2015,4.876926353
22,25/01/2015,1.562267116
24,25/01/2015,12.12042795
25,25/01/2015,0.882892233
26,25/01/2015,1.240482778
27,25/01/2015,4.123423074
28,25/01/2015,6.815720209
29,25/01/2015,2.948347733
23,25/01/2015,15.29084039
1,26/01/2015,2.129912843
2,26/01/2015,4.153882535
3,26/01/2015,1.593513205
4,26/01/2015,3.412756658
5,26/01/2015,5.89831926
6,26/01/2015,1.825489584
7,26/01/2015,4.315333515
8,26/01/2015,0.587147941
9,26/01/2015,1.596525759
10,26/01/2015,1.154609168
11,26/01/2015,3.957919468
12,26/01/2015,1.436488737
13,26/01/2015,3.29517275
14,26/01/2015,14.70573831
15,26/01/2015,3.752691045
16,26/01/2015,0.726750786
17,26/01/2015,3.382101984
18,26/01/2015,3.853884005
19,26/01/2015,0.58517892
20,26/01/2015,0.698112929
21,26/01/2015,5.380514518
22,26/01/2015,2.012574445
24,26/01/2015,12.95742477
25,26/01/2015,0.587147941
26,26/01/2015,0.698112929
27,26/01/2015,4.678991457
28,26/01/2015,6.782656626
29,26/01/2015,1.558288704
23,26/01/2015,15.29084039
1,27/01/2015,3.369048139
2,27/01/2015,4.054398513
3,27/01/2015,2.297152152
4,27/01/2015,2.841484443
5,27/01/2015,6.196183109
6,27/01/2015,1.401198801
7,27/01/2015,3.194353954
8,27/01/2015,0.593072102
9,27/01/2015,2.174033729
10,27/01/2015,0.961568466
11,27/01/2015,2.180916945
12,27/01/2015,1.630442697
13,27/01/2015,1.688929458
14,27/01/2015,13.88579921
15,27/01/2015,3.971560294
16,27/01/2015,0.694496695
17,27/01/2015,2.37530314
18,27/01/2015,0.974467913
19,27/01/2015,0.756631503
20,27/01/2015,0.644989022
21,27/01/2015,8.482525768
22,27/01/2015,1.27728323
24,27/01/2015,16.50456496
25,27/01/2015,0.593072102
26,27/01/2015,0.644989022
27,27/01/2015,2.220949441
28,27/01/2015,4.983633773
29,27/01/2015,2.091862746
23,27/01/2015,15.29084039
1,28/01/2015,2.994746524
2,28/01/2015,4.538428081
3,28/01/2015,2.226771997
4,28/01/2015,2.59973747
5,28/01/2015,6.24826541
6,28/01/2015,1.779843703
7,28/01/2015,3.836996326
8,28/01/2015,0.882029806
9,28/01/2015,1.226627477
10,28/01/2015,1.085077618
11,28/01/2015,2.810595263
12,28/01/2015,1.613953846
13,28/01/2015,3.398509514
14,28/01/2015,13.41185166
15,28/01/2015,3.380044677
16,28/01/2015,1.354173802
17,28/01/2015,1.695417254
18,28/01/2015,4.45649696
19,28/01/2015,0.972689027
20,28/01/2015,1.227958394
21,28/01/2015,5.311429778
22,28/01/2015,1.638059439
24,28/01/2015,11.92100684
25,28/01/2015,0.882029806
26,28/01/2015,1.227958394
27,28/01/2015,4.678886404
28,28/01/2015,7.092974715
29,28/01/2015,2.700189793
23,28/01/2015,15.29084039
1,29/01/2015,3.777532961
2,29/01/2015,4.738718809
3,29/01/2015,1.853951668
4,29/01/2015,3.631974071
5,29/01/2015,7.942361681
6,29/01/2015,2.031456685
7,29/01/2015,2.810634061
8,29/01/2015,0.651524316
9,29/01/2015,1.634626057
10,29/01/2015,1.370271749
11,29/01/2015,3.603756894
12,29/01/2015,1.300986587
13,29/01/2015,6.339743271
14,29/01/2015,16.02884911
15,29/01/2015,5.086451555
16,29/01/2015,1.142804389
17,29/01/2015,1.730565749
18,29/01/2015,2.800255049
19,29/01/2015,0.747941715
20,29/01/2015,0.770003495
21,29/01/2015,10.05214065
22,29/01/2015,2.402776068
24,29/01/2015,7.719677323
25,29/01/2015,0.651524316
26,29/01/2015,0.770003495
27,29/01/2015,3.671620194
28,29/01/2015,4.196008617
29,29/01/2015,1.807093054
23,29/01/2015,15.29084039
1,30/01/2015,3.174139735
2,30/01/2015,5.405773314
3,30/01/2015,1.803143703
4,30/01/2015,2.596632666
5,30/01/2015,6.016952001
6,30/01/2015,1.783331515
7,30/01/2015,3.948485417
8,30/01/2015,0.776244878
9,30/01/2015,1.113632947
10,30/01/2015,1.449271599
11,30/01/2015,2.984700975
12,30/01/2015,1.266688916
13,30/01/2015,4.495241956
14,30/01/2015,11.37703941
15,30/01/2015,4.273802343
16,30/01/2015,1.433216227
17,30/01/2015,1.688111677
18,30/01/2015,3.098589801
19,30/01/2015,1.092850767
20,30/01/2015,1.018004277
21,30/01/2015,7.028582368
22,30/01/2015,2.716828485
23,30/01/2015,16.13052145
24,30/01/2015,9.264379736
25,30/01/2015,0.776244878
26,30/01/2015,1.018004277
27,30/01/2015,4.945250528
28,30/01/2015,5.558948525
29,30/01/2015,2.082955698
1,31/01/2015,3.191835031
2,31/01/2015,5.226469795
3,31/01/2015,1.797467049
4,31/01/2015,3.334781548
5,31/01/2015,5.347948842
6,31/01/2015,1.818132495
7,31/01/2015,4.201447521
8,31/01/2015,0.760200877
9,31/01/2015,1.351486769
10,31/01/2015,1.22486249
11,31/01/2015,3.436704356
12,31/01/2015,1.117399856
13,31/01/2015,4.965375831
14,31/01/2015,11.95680233
15,31/01/2015,3.787619302
16,31/01/2015,1.139668304
17,31/01/2015,1.478453897
18,31/01/2015,3.483707489
19,31/01/2015,0.759605211
20,31/01/2015,0.733144031
21,31/01/2015,6.179160794
22,31/01/2015,2.733376706
23,31/01/2015,14.40702945
24,31/01/2015,9.333481732
25,31/01/2015,0.760200877
26,31/01/2015,0.733144031
27,31/01/2015,5.570534578
28,31/01/2015,5.932255756
29,31/01/2015,2.507564633
1,01/02/2015,3.269409252
2,01/02/2015,5.659707092
3,01/02/2015,1.5201172
4,01/02/2015,3.370212224
5,01/02/2015,5.669897425
6,01/02/2015,1.71628598
7,01/02/2015,4.242728781
8,01/02/2015,1.187424924
9,01/02/2015,1.147604968
10,01/02/2015,1.329653622
11,01/02/2015,2.973380228
12,01/02/2015,0.968343617
13,01/02/2015,4.793644271
14,01/02/2015,10.07742604
15,01/02/2015,3.822016126
16,01/02/2015,1.165860212
17,01/02/2015,1.517272433
18,01/02/2015,3.531057994
19,01/02/2015,1.066779499
20,01/02/2015,1.297710983
21,01/02/2015,5.797256325
22,01/02/2015,2.132683948
23,01/02/2015,16.06825939
24,01/02/2015,9.056818466
25,01/02/2015,1.187424924
26,01/02/2015,1.297710983
27,01/02/2015,5.222395375
28,01/02/2015,6.294017659
29,01/02/2015,2.446466962
1,02/02/2015,3.714045683
2,02/02/2015,5.757577066
3,02/02/2015,1.985707097
4,02/02/2015,3.628434277
5,02/02/2015,6.25364561
6,02/02/2015,1.811113881
7,02/02/2015,4.773128921
8,02/02/2015,0.648691104
9,02/02/2015,1.575703396
10,02/02/2015,1.461470031
11,02/02/2015,2.639460832
12,02/02/2015,1.296687102
13,02/02/2015,4.380618098
14,02/02/2015,11.39103142
15,02/02/2015,4.477367046
16,02/02/2015,1.146709815
17,02/02/2015,1.95856235
18,02/02/2015,3.381402584
19,02/02/2015,0.798532338
20,02/02/2015,0.820999631
21,02/02/2015,5.440623194
22,02/02/2015,1.93081007
23,02/02/2015,14.41087941
24,02/02/2015,8.593185906
25,02/02/2015,0.648691104
26,02/02/2015,0.820999631
27,02/02/2015,5.103500743
28,02/02/2015,6.666743294
29,02/02/2015,2.834765506
1,03/02/2015,3.682641159
2,03/02/2015,5.748228021
3,03/02/2015,1.993711403
4,03/02/2015,3.626411282
5,03/02/2015,6.210520568
6,03/02/2015,1.802623616
7,03/02/2015,4.809835737
8,03/02/2015,0.648517466
9,03/02/2015,1.573696709
10,03/02/2015,1.456005602
11,03/02/2015,2.597569872
12,03/02/2015,1.30550694
13,03/02/2015,4.434931548
14,03/02/2015,11.46585847
15,03/02/2015,4.497820636
16,03/02/2015,1.143309758
17,03/02/2015,1.946482851
18,03/02/2015,3.379782662
19,03/02/2015,0.796698017
20,03/02/2015,0.828014684
21,03/02/2015,5.420566055
22,03/02/2015,1.928113129
23,03/02/2015,14.60729117
24,03/02/2015,8.548405806
25,03/02/2015,0.648517466
26,03/02/2015,0.828014684
27,03/02/2015,5.068932745
28,03/02/2015,6.641346151
29,03/02/2015,2.852079606
1,04/02/2015,3.707229927
2,04/02/2015,5.782729345
3,04/02/2015,1.995630913
4,04/02/2015,3.649794778
5,04/02/2015,6.246500149
6,04/02/2015,1.802221751
7,04/02/2015,4.818701572
8,04/02/2015,0.648839324
9,04/02/2015,1.573538939
10,04/02/2015,1.451750758
11,04/02/2015,2.627130191
12,04/02/2015,1.303020678
13,04/02/2015,4.378750882
14,04/02/2015,11.2605839
15,04/02/2015,4.516269353
16,04/02/2015,1.148340254
17,04/02/2015,1.947130796
18,04/02/2015,3.351862536
19,04/02/2015,0.805813689
20,04/02/2015,0.830259149
21,04/02/2015,5.420091562
22,04/02/2015,1.934896866
23,04/02/2015,14.2844633
24,04/02/2015,8.559406659
25,04/02/2015,0.648839324
26,04/02/2015,0.830259149
27,04/02/2015,5.079914796
28,04/02/2015,6.664797366
29,04/02/2015,2.859846995
1,05/02/2015,3.412753221
2,05/02/2015,5.462711873
3,05/02/2015,2.118650821
4,05/02/2015,3.453084313
5,05/02/2015,6.412738201
6,05/02/2015,1.533077124
7,05/02/2015,4.498942301
8,05/02/2015,0.890629477
9,05/02/2015,1.370156248
10,05/02/2015,1.33571631
11,05/02/2015,2.683898402
12,05/02/2015,1.585374902
13,05/02/2015,4.059829934
14,05/02/2015,13.45160288
15,05/02/2015,4.21496272
16,05/02/2015,1.188953302
17,05/02/2015,1.863506269
18,05/02/2015,3.74804023
19,05/02/2015,0.861249711
20,05/02/2015,1.229512002
21,05/02/2015,5.439675091
22,05/02/2015,1.724079671
23,05/02/2015,13.21066612
24,05/02/2015,9.576237308
25,05/02/2015,0.890629477
26,05/02/2015,1.229512002
27,05/02/2015,5.096315129
28,05/02/2015,6.844791064
29,05/02/2015,2.600217091
1,06/02/2015,3.734764442
2,06/02/2015,5.655296288
3,06/02/2015,1.982341565
4,06/02/2015,3.629689666
5,06/02/2015,6.324693384
6,06/02/2015,1.763668256
7,06/02/2015,4.953800358
8,06/02/2015,0.650350329
9,06/02/2015,1.579214389
10,06/02/2015,1.44142073
11,06/02/2015,2.589383638
12,06/02/2015,1.294969873
13,06/02/2015,4.380645417
14,06/02/2015,11.33371939
15,06/02/2015,4.643893408
16,06/02/2015,1.134887253
17,06/02/2015,1.967844618
18,06/02/2015,3.396685981
19,06/02/2015,0.801493692
20,06/02/2015,0.833288685
21,06/02/2015,5.543803737
22,06/02/2015,1.921892
23,06/02/2015,14.10187034
24,06/02/2015,8.80091548
25,06/02/2015,0.650350329
26,06/02/2015,0.833288685
27,06/02/2015,5.196986509
28,06/02/2015,6.746767335
29,06/02/2015,2.925244958
1,07/02/2015,3.766289023
2,07/02/2015,5.693596153
3,07/02/2015,1.959446574
4,07/02/2015,3.643352718
5,07/02/2015,6.368023556
6,07/02/2015,1.774453674
7,07/02/2015,4.927437151
8,07/02/2015,0.649608912
9,07/02/2015,1.581705517
10,07/02/2015,1.446045021
11,07/02/2015,2.616432804
12,07/02/2015,1.288763571
13,07/02/2015,4.367467659
14,07/02/2015,11.0760826
15,07/02/2015,4.625016082
16,07/02/2015,1.139606244
17,07/02/2015,1.970830992
18,07/02/2015,3.393467081
19,07/02/2015,0.804145768
20,07/02/2015,0.827681801
21,07/02/2015,5.569193408
22,07/02/2015,1.926840813
23,07/02/2015,13.744818
24,07/02/2015,8.838437002
25,07/02/2015,0.649608912
26,07/02/2015,0.827681801
27,07/02/2015,5.227384599
28,07/02/2015,6.784416593
29,07/02/2015,2.914271955
1,08/02/2015,3.814546819
2,08/02/2015,5.79865476
3,08/02/2015,1.953181852
4,08/02/2015,3.674534603
5,08/02/2015,6.481611036
6,08/02/2015,1.790220598
7,08/02/2015,4.912748972
8,08/02/2015,0.649133662
9,08/02/2015,1.564210542
10,08/02/2015,1.443104136
11,08/02/2015,2.638906137
12,08/02/2015,1.296986908
13,08/02/2015,4.386512466
14,08/02/2015,10.71580622
15,08/02/2015,4.695826128
16,08/02/2015,1.130776622
17,08/02/2015,1.953413694
18,08/02/2015,3.392001801
19,08/02/2015,0.803885358
20,08/02/2015,0.819230031
21,08/02/2015,5.520442648
22,08/02/2015,1.921395799
23,08/02/2015,13.26134355
24,08/02/2015,8.966054049
25,08/02/2015,0.649133662
26,08/02/2015,0.819230031
27,08/02/2015,5.276687039
28,08/02/2015,6.781027893
29,08/02/2015,2.891242757
1,09/02/2015,3.45639217
2,09/02/2015,4.712463979
3,09/02/2015,1.522294439
4,09/02/2015,3.575083974
5,09/02/2015,6.191572508
6,09/02/2015,1.719104865
7,09/02/2015,3.591933624
8,09/02/2015,1.095105876
9,09/02/2015,1.35805954
10,09/02/2015,1.780352864
11,09/02/2015,2.644063019
12,09/02/2015,0.792525918
13,09/02/2015,2.919506043
14,09/02/2015,13.08259814
15,09/02/2015,3.192127323
16,09/02/2015,1.030277959
17,09/02/2015,1.700121061
18,09/02/2015,2.40599826
19,09/02/2015,1.018797609
20,09/02/2015,1.107446108
21,09/02/2015,6.721935112
22,09/02/2015,2.263823706
23,09/02/2015,5.810182795
24,09/02/2015,10.7009952
25,09/02/2015,1.095105876
26,09/02/2015,1.107446108
27,09/02/2015,5.973738654
28,09/02/2015,6.967052134
29,09/02/2015,2.005166093
1,10/02/2015,4.106682858
2,10/02/2015,4.385541033
3,10/02/2015,2.124791795
4,10/02/2015,4.079909356
5,10/02/2015,7.641464736
6,10/02/2015,1.996297618
7,10/02/2015,3.701355095
8,10/02/2015,0.689526077
9,10/02/2015,1.280295386
10,10/02/2015,1.448898666
11,10/02/2015,3.222037448
12,10/02/2015,1.405740722
13,10/02/2015,6.186831188
14,10/02/2015,15.82866395
15,10/02/2015,5.38092019
16,10/02/2015,1.308384686
17,10/02/2015,1.634820171
18,10/02/2015,2.638142124
19,10/02/2015,0.885464143
20,10/02/2015,0.921330375
21,10/02/2015,8.256694946
22,10/02/2015,2.434562343
23,10/02/2015,14.68873947
24,10/02/2015,7.47741253
25,10/02/2015,0.689526077
26,10/02/2015,0.921330375
27,10/02/2015,4.018517773
28,10/02/2015,5.239826189
29,10/02/2015,2.49052082
1,11/02/2015,3.039295905
2,11/02/2015,5.952565557
3,11/02/2015,1.233949875
4,11/02/2015,1.787385498
5,11/02/2015,7.093409532
6,11/02/2015,0.924384084
7,11/02/2015,4.790607855
8,11/02/2015,0.453443628
9,11/02/2015,1.628813801
10,11/02/2015,1.15272098
11,11/02/2015,3.155309219
12,11/02/2015,1.038820896
13,11/02/2015,3.58879144
14,11/02/2015,14.88650676
15,11/02/2015,4.503396481
16,11/02/2015,0.986983014
17,11/02/2015,4.509374835
18,11/02/2015,5.211111877
19,11/02/2015,0.635125441
20,11/02/2015,0.626606403
21,11/02/2015,5.335623601
22,11/02/2015,2.303518625
23,11/02/2015,16.00047607
24,11/02/2015,11.70622308
25,11/02/2015,0.453443628
26,11/02/2015,0.626606403
27,11/02/2015,5.015736891
28,11/02/2015,7.545803167
29,11/02/2015,2.052620079
1,12/02/2015,4.280966308
2,12/02/2015,5.518653341
3,12/02/2015,1.892859226
4,12/02/2015,3.867126115
5,12/02/2015,7.758997323
6,12/02/2015,1.634040823
7,12/02/2015,3.717346287
8,12/02/2015,0.454135333
9,12/02/2015,2.161108414
10,12/02/2015,1.263176394
11,12/02/2015,2.700290713
12,12/02/2015,1.139633674
13,12/02/2015,5.092019654
14,12/02/2015,16.0412697
15,12/02/2015,5.411379265
16,12/02/2015,0.812650715
17,12/02/2015,2.437756396
18,12/02/2015,3.704884915
19,12/02/2015,0.488991082
20,12/02/2015,0.566769267
21,12/02/2015,8.468052237
22,12/02/2015,1.472881183
23,12/02/2015,12.32466695
24,12/02/2015,7.275596556
25,12/02/2015,0.454135333
26,12/02/2015,0.566769267
27,12/02/2015,4.53718372
28,12/02/2015,5.330042208
29,12/02/2015,2.051016845
1,13/02/2015,3.673646244
2,13/02/2015,5.334855408
3,13/02/2015,2.162314355
4,13/02/2015,3.816883501
5,13/02/2015,5.77254076
6,13/02/2015,1.821434879
7,13/02/2015,4.68766542
8,13/02/2015,0.7638389
9,13/02/2015,1.374128554
10,13/02/2015,1.348121588
11,13/02/2015,3.301483204
12,13/02/2015,1.255509172
13,13/02/2015,4.827875136
14,13/02/2015,12.09856542
15,13/02/2015,4.316818882
16,13/02/2015,1.211422775
17,13/02/2015,1.475141992
18,13/02/2015,3.193461627
19,13/02/2015,0.76918449
20,13/02/2015,0.835029802
21,13/02/2015,6.225408471
22,13/02/2015,2.529861482
23,13/02/2015,16.05797742
24,13/02/2015,9.008339562
25,13/02/2015,0.7638389
26,13/02/2015,0.835029802
27,13/02/2015,5.732909333
28,13/02/2015,6.268444529
29,13/02/2015,2.983231332
1,14/02/2015,4.900466291
2,14/02/2015,2.035510614
3,14/02/2015,2.022134722
4,14/02/2015,4.603436462
5,14/02/2015,3.190038698
6,14/02/2015,1.722684004
7,14/02/2015,4.194431878
8,14/02/2015,0.897841648
9,14/02/2015,1.055220061
10,14/02/2015,1.256796468
11,14/02/2015,4.527515027
12,14/02/2015,1.624606161
13,14/02/2015,4.45698388
14,14/02/2015,14.16222786
15,14/02/2015,3.870589416
16,14/02/2015,1.197059041
17,14/02/2015,1.126879471
18,14/02/2015,3.626237573
19,14/02/2015,0.740410566
20,14/02/2015,1.198945653
21,14/02/2015,4.83831233
22,14/02/2015,1.821450856
23,14/02/2015,16.00114813
24,14/02/2015,14.13932601
25,14/02/2015,0.897841648
26,14/02/2015,1.198945653
27,14/02/2015,4.319812273
28,14/02/2015,4.716546077
29,14/02/2015,2.379550611
1,15/02/2015,3.727945634
2,15/02/2015,5.510953088
3,15/02/2015,2.086016335
4,15/02/2015,3.833623058
5,15/02/2015,5.859161258
6,15/02/2015,1.834572113
7,15/02/2015,4.681567259
8,15/02/2015,0.942101615
9,15/02/2015,1.381248197
10,15/02/2015,1.332303017
11,15/02/2015,3.353731785
12,15/02/2015,1.223510253
13,15/02/2015,4.791567342
14,15/02/2015,11.31011422
15,15/02/2015,4.338930047
16,15/02/2015,1.180336923
17,15/02/2015,1.498483137
18,15/02/2015,3.30154797
19,15/02/2015,0.856917772
20,15/02/2015,0.792684426
21,15/02/2015,6.052631595
22,15/02/2015,2.499509904
23,15/02/2015,16.0075293
24,15/02/2015,8.816607403
25,15/02/2015,0.942101615
26,15/02/2015,0.792684426
27,15/02/2015,5.609648144
28,15/02/2015,6.321848293
29,15/02/2015,2.978690543
1,16/02/2015,4.513372222
2,16/02/2015,4.882971297
3,16/02/2015,2.081657134
4,16/02/2015,4.226784902
5,16/02/2015,8.564835262
6,16/02/2015,2.162692044
7,16/02/2015,2.819402468
8,16/02/2015,0.573979919
9,16/02/2015,1.587726735
10,16/02/2015,1.567802516
11,16/02/2015,3.57361937
12,16/02/2015,1.459393979
13,16/02/2015,5.923093304
14,16/02/2015,15.43793369
15,16/02/2015,5.779588012
16,16/02/2015,1.146974551
17,16/02/2015,1.791004569
18,16/02/2015,2.393690613
19,16/02/2015,0.711271704
20,16/02/2015,0.773983405
21,16/02/2015,10.2724872
22,16/02/2015,2.176565015
23,16/02/2015,14.16489355
24,16/02/2015,6.890929571
25,16/02/2015,0.573979919
26,16/02/2015,0.773983405
27,16/02/2015,4.177111114
28,16/02/2015,4.268161455
29,16/02/2015,1.820220968
1,17/02/2015,3.696111369
2,17/02/2015,5.213195374
3,17/02/2015,2.111249109
4,17/02/2015,3.662074131
5,17/02/2015,5.871472364
6,17/02/2015,1.889226049
7,17/02/2015,4.477227448
8,17/02/2015,0.670710157
9,17/02/2015,1.310622448
10,17/02/2015,1.348615786
11,17/02/2015,3.406530441
12,17/02/2015,1.28619006
13,17/02/2015,4.866074479
14,17/02/2015,13.39633109
15,17/02/2015,4.341223779
16,17/02/2015,1.223069784
17,17/02/2015,1.460755317
18,17/02/2015,3.028396892
19,17/02/2015,0.803785686
20,17/02/2015,0.832669123
21,17/02/2015,6.256578254
22,17/02/2015,2.563004829
23,17/02/2015,14.3499183
24,17/02/2015,9.63700022
25,17/02/2015,0.670710157
26,17/02/2015,0.832669123
27,17/02/2015,6.066523671
28,17/02/2015,6.055416298
29,17/02/2015,2.81842956
1,18/02/2015,4.531085001
2,18/02/2015,5.653577863
3,18/02/2015,1.959023462
4,18/02/2015,4.09942736
5,18/02/2015,8.52137489
6,18/02/2015,1.87548104
7,18/02/2015,3.366679886
8,18/02/2015,0.526718155
9,18/02/2015,1.924818442
10,18/02/2015,1.395255069
11,18/02/2015,3.126769987
12,18/02/2015,1.271926518
13,18/02/2015,5.085394984
14,18/02/2015,15.70950312
15,18/02/2015,5.779084116
16,18/02/2015,0.935889277
17,18/02/2015,2.191830538
18,18/02/2015,3.14608788
19,18/02/2015,0.559031586
20,18/02/2015,0.63470777
21,18/02/2015,9.083288527
22,18/02/2015,1.76007808
23,18/02/2015,12.30712136
24,18/02/2015,7.252412024
25,18/02/2015,0.526718155
26,18/02/2015,0.63470777
27,18/02/2015,4.572551203
28,18/02/2015,4.964236697
29,18/02/2015,1.790170358
1,19/02/2015,6.148010418
2,19/02/2015,6.130606157
3,19/02/2015,1.738587934
4,19/02/2015,5.707649001
5,19/02/2015,6.462896622
6,19/02/2015,0.929915357
7,19/02/2015,6.038572947
8,19/02/2015,1.133219543
9,19/02/2015,1.639525278
10,19/02/2015,1.936616663
11,19/02/2015,2.210218212
12,19/02/2015,0.969424537
13,19/02/2015,5.390285973
14,19/02/2015,13.21157486
15,19/02/2015,3.508268963
16,19/02/2015,1.633872784
17,19/02/2015,1.507028033
18,19/02/2015,2.042848486
19,19/02/2015,1.139556957
20,19/02/2015,0.886918902
21,19/02/2015,4.572839465
22,19/02/2015,1.717555791
23,19/02/2015,12.57565679
24,19/02/2015,6.485255452
25,19/02/2015,1.133219543
26,19/02/2015,0.886918902
27,19/02/2015,6.169279878
28,19/02/2015,5.792469141
29,19/02/2015,1.868353368
1,20/02/2015,3.816745945
2,20/02/2015,5.758572378
3,20/02/2015,2.71640313
4,20/02/2015,3.511364281
5,20/02/2015,6.800274085
6,20/02/2015,1.695845681
7,20/02/2015,4.682545014
8,20/02/2015,0.623623653
9,20/02/2015,1.603888119
10,20/02/2015,1.348928263
11,20/02/2015,2.760542211
12,20/02/2015,1.306342523
13,20/02/2015,4.10988734
14,20/02/2015,13.94805185
15,20/02/2015,4.684195947
16,20/02/2015,1.098129212
17,20/02/2015,1.939054241
18,20/02/2015,3.510287149
19,20/02/2015,0.774147836
20,20/02/2015,0.877517816
21,20/02/2015,5.572637402
22,20/02/2015,1.95653044
23,20/02/2015,13.88958225
24,20/02/2015,9.932236287
25,20/02/2015,0.623623653
26,20/02/2015,0.877517816
27,20/02/2015,5.574602156
28,20/02/2015,6.797877346
29,20/02/2015,2.628141818
1,21/02/2015,4.405871001
2,21/02/2015,5.567495917
3,21/02/2015,1.867421521
4,21/02/2015,3.912888552
5,21/02/2015,8.187798018
6,21/02/2015,1.746391377
7,21/02/2015,3.603415722
8,21/02/2015,0.529260551
9,21/02/2015,2.047514549
10,21/02/2015,1.308191742
11,21/02/2015,2.892048961
12,21/02/2015,1.202293647
13,21/02/2015,4.971479926
14,21/02/2015,15.77346878
15,21/02/2015,5.636845023
16,21/02/2015,0.848765488
17,21/02/2015,2.343277193
18,21/02/2015,3.471596878
19,21/02/2015,0.52482338
20,21/02/2015,0.598268709
21,21/02/2015,8.465997652
22,21/02/2015,1.577331787
23,21/02/2015,11.98909126
24,21/02/2015,7.46287471
25,21/02/2015,0.529260551
26,21/02/2015,0.598268709
27,21/02/2015,4.665100866
28,21/02/2015,5.234140727
29,21/02/2015,1.939005432
1,22/02/2015,4.163283186
2,22/02/2015,5.489324492
3,22/02/2015,1.816652792
4,22/02/2015,4.079546545
5,22/02/2015,6.365349671
6,22/02/2015,1.609444923
7,22/02/2015,4.781095958
8,22/02/2015,0.999948613
9,22/02/2015,1.301946661
10,22/02/2015,1.293606974
11,22/02/2015,2.258195599
12,22/02/2015,1.45111419
13,22/02/2015,4.558225837
14,22/02/2015,14.03872665
15,22/02/2015,4.78574457
16,22/02/2015,0.898166907
17,22/02/2015,1.852103005
18,22/02/2015,2.866980932
19,22/02/2015,0.595331988
20,22/02/2015,1.247448696
21,22/02/2015,6.14385137
22,22/02/2015,1.63800483
23,22/02/2015,15.23393763
24,22/02/2015,9.226955131
25,22/02/2015,0.999948613
26,22/02/2015,1.247448696
27,22/02/2015,6.034928031
28,22/02/2015,6.480236731
29,22/02/2015,1.986907743
1,23/02/2015,3.747216195
2,23/02/2015,5.9957159
3,23/02/2015,1.922002281
4,23/02/2015,3.648395341
5,23/02/2015,6.397399382
6,23/02/2015,1.771130755
7,23/02/2015,4.854544653
8,23/02/2015,0.666993378
9,23/02/2015,1.589228789
10,23/02/2015,1.407654675
11,23/02/2015,2.797091685
12,23/02/2015,1.276178159
13,23/02/2015,4.2306187
14,23/02/2015,11.09877925
15,23/02/2015,4.609609619
16,23/02/2015,1.133477778
17,23/02/2015,2.029676441
18,23/02/2015,3.369490641
19,23/02/2015,0.79750921
20,23/02/2015,0.816720945
21,23/02/2015,5.533074491
22,23/02/2015,1.935119207
23,23/02/2015,14.16167932
24,23/02/2015,8.969678519
25,23/02/2015,0.666993378
26,23/02/2015,0.816720945
27,23/02/2015,5.253904376
28,23/02/2015,6.737329954
29,23/02/2015,2.843503626
1,24/02/2015,3.754153005
2,24/02/2015,5.972539248
3,24/02/2015,1.929358502
4,24/02/2015,3.640906991
5,24/02/2015,6.394631526
6,24/02/2015,1.758506803
7,24/02/2015,4.847699545
8,24/02/2015,0.666659625
9,24/02/2015,1.603752806
10,24/02/2015,1.420271192
11,24/02/2015,2.796562848
12,24/02/2015,1.265652702
13,24/02/2015,4.245305696
14,24/02/2015,11.11722923
15,24/02/2015,4.602417604
16,24/02/2015,1.145866881
17,24/02/2015,2.043185819
18,24/02/2015,3.385930937
19,24/02/2015,0.79930098
20,24/02/2015,0.824716465
21,24/02/2015,5.534328111
22,24/02/2015,1.951810828
23,24/02/2015,14.17390202
24,24/02/2015,8.949912435
25,24/02/2015,0.666659625
26,24/02/2015,0.824716465
27,24/02/2015,5.254304414
28,24/02/2015,6.735427989
29,24/02/2015,2.845981936
1,25/02/2015,3.736758923
2,25/02/2015,5.967258936
3,25/02/2015,1.935915662
4,25/02/2015,3.661594578
5,25/02/2015,6.315625897
6,25/02/2015,1.75770867
7,25/02/2015,4.834520469
8,25/02/2015,0.666061515
9,25/02/2015,1.590567594
10,25/02/2015,1.431698362
11,25/02/2015,2.767450558
12,25/02/2015,1.267529027
13,25/02/2015,4.33532248
14,25/02/2015,10.91528154
15,25/02/2015,4.554360618
16,25/02/2015,1.132601841
17,25/02/2015,2.064036944
18,25/02/2015,3.398190423
19,25/02/2015,0.801176845
20,25/02/2015,0.81674838
21,25/02/2015,5.570522527
22,25/02/2015,1.914249665
23,25/02/2015,14.04640252
24,25/02/2015,8.869339183
25,25/02/2015,0.666061515
26,25/02/2015,0.81674838
27,25/02/2015,5.24771145
28,25/02/2015,6.704129346
29,25/02/2015,2.860435022
1,26/02/2015,3.740298448
2,26/02/2015,5.96475121
3,26/02/2015,1.94314908
4,26/02/2015,3.653593333
5,26/02/2015,6.303568989
6,26/02/2015,1.75087624
7,26/02/2015,4.855370736
8,26/02/2015,0.665752207
9,26/02/2015,1.594159525
10,26/02/2015,1.4235203
11,26/02/2015,2.756867916
12,26/02/2015,1.272839611
13,26/02/2015,4.35202678
14,26/02/2015,10.54524843
15,26/02/2015,4.582523949
16,26/02/2015,1.128184838
17,26/02/2015,2.069820998
18,26/02/2015,3.389966743
19,26/02/2015,0.799344732
20,26/02/2015,0.820159825
21,26/02/2015,5.59983757
22,26/02/2015,1.901343183
23,26/02/2015,14.09983917
24,26/02/2015,8.907134904
25,26/02/2015,0.665752207
26,26/02/2015,0.820159825
27,26/02/2015,5.285155587
28,26/02/2015,6.678888043
29,26/02/2015,2.880992603
1,27/02/2015,3.745010375
2,27/02/2015,5.980550858
3,27/02/2015,1.947457593
4,27/02/2015,3.639736243
5,27/02/2015,6.311848716
6,27/02/2015,1.737917496
7,27/02/2015,4.806686463
8,27/02/2015,0.664059332
9,27/02/2015,1.598954804
10,27/02/2015,1.420846539
11,27/02/2015,2.755617379
12,27/02/2015,1.267912516
13,27/02/2015,4.378073848
14,27/02/2015,10.3515531
15,27/02/2015,4.604863008
16,27/02/2015,1.126218227
17,27/02/2015,2.047843553
18,27/02/2015,3.399886084
19,27/02/2015,0.792797532
20,27/02/2015,0.821642103
21,27/02/2015,5.550035244
22,27/02/2015,1.898130675
23,27/02/2015,13.92527426
24,27/02/2015,8.961283509
25,27/02/2015,0.664059332
26,27/02/2015,0.821642103
27,27/02/2015,5.317000014
28,27/02/2015,6.588486504
29,27/02/2015,2.851952175
1,28/02/2015,3.721713504
2,28/02/2015,6.021243142
3,28/02/2015,1.946095201
4,28/02/2015,3.645029801
5,28/02/2015,6.283867412
6,28/02/2015,1.735724215
7,28/02/2015,4.887426463
8,28/02/2015,0.663365584
9,28/02/2015,1.599781288
10,28/02/2015,1.4003644
11,28/02/2015,2.783981814
12,28/02/2015,1.266801043
13,28/02/2015,4.307912139
14,28/02/2015,9.77631495
15,28/02/2015,4.586218088
16,28/02/2015,1.12474639
17,28/02/2015,2.048779474
18,28/02/2015,3.363033095
19,28/02/2015,0.79148441
20,28/02/2015,0.820884958
21,28/02/2015,5.641238694
22,28/02/2015,1.899059984
23,28/02/2015,13.32417539
24,28/02/2015,8.937849093
25,28/02/2015,0.663365584
26,28/02/2015,0.820884958
27,28/02/2015,5.293573445
28,28/02/2015,6.696572053
29,28/02/2015,2.894650678
